Dateyyymm,Year,Month,Pack_Year,UBNL58_lb,CAUS_Total,USD_Cost,CADUSDEXCH,Dock_Cost_CAD,log_CAUS_Total,log_USD_Cost,log_UBNL58_lb,log_CADUSDEXCH,log_Dock_Cost_CAD,Market_Shock_Factor,Season_Factor_1,Pandemic_Shock,Extra_Demand_Factor,Tariff_Shock,Tariff_Amt,Predicted_Price_Tariff_Adjusted,Lower_CI,Upper_CI,Non_Canada_Imports_Lbs,Predicted_Price,Market_Shock_2025,New_Predicted_Price,New_Lower_CI,New_Upper_CI
4/1/12,2012,4,2012,5.4,16196837,3.068971595,0.9928,1.95,16.60032653,1.12134252,1.686398954,-0.007226045,0.667829373,0,0,0,1,0,0,4.745957106,4.463390112,4.950977395,333421,4.700866255,0,4.700866255,4.463390112,4.950977395
5/1/12,2012,5,2012,4.72,27095991,3.020296392,1.0088,1.95,17.11489634,1.10535497,1.5518088,0.008761506,0.667829373,0,0,0,1,0,0,4.579933404,4.361953265,4.857973476,527701,4.603287223,0,4.603287223,4.361953265,4.857973476
6/1/12,2012,6,2012,4.75,15045306,2.965617092,1.0274,1.95,16.52657661,1.087085136,1.558144618,0.027031339,0.667829373,0,0.029035924,0,0.029035924,0,0,4.693846208,4.590650631,5.00748721,639831,4.794541096,0,4.794541096,4.590650631,5.00748721
7/1/12,2012,7,2012,4.72,12220955,3.004215145,1.0142,1.95,16.31866266,1.100016351,1.5518088,0.014100124,0.667829373,0,0.023585211,0,0.023585211,0,0,4.78830219,4.626073413,5.047009016,1436200,4.831959667,0,4.831959667,4.626073413,5.047009016
8/1/12,2012,8,2012,4.65,4860923,3.068971595,0.9928,1.95,15.3967389,1.12134252,1.53686722,-0.007226045,0.667829373,0,0.009381091,0,0.009381091,0,0,5.033731208,4.76305311,5.197255839,1810215,4.975420142,0,4.975420142,4.76305311,5.197255839
9/1/12,2012,9,2012,4.74,1928095,3.113822177,0.9785,1.95,14.47204303,1.135850967,1.556037136,-0.021734492,0.667829373,0,0.003721029,0,0.003721029,0,0,5.266905317,4.905657584,5.371752868,1087768,5.133417984,0,5.133417984,4.905657584,5.371752868
10/1/12,2012,10,2012,4.93,688726,3.091391031,0.9856,1.95,13.44259879,1.128621161,1.595338988,-0.014504686,0.667829373,0,0.001329172,0,0.001329172,0,0,5.397707288,5.041846611,5.533689382,1538947,5.282046295,0,5.282046295,5.041846611,5.533689382
11/1/12,2012,11,2012,5.04,385607,3.057269717,0.9966,1.95,12.862574,1.117522268,1.617406082,-0.003405793,0.667829373,0,0.000744183,0,0.000744183,0,0,5.429620696,5.109645237,5.617156375,900505,5.357394545,0,5.357394545,5.109645237,5.617156375
12/1/12,2012,12,2012,5.01,262729,3.078895513,0.9896,1.95,12.47887836,1.124570933,1.611435915,-0.010454458,0.667829373,0,0,0,1,0,0,5.45567449,5.092270168,5.619487746,1541842,5.349387797,0,5.349387797,5.092270168,5.619487746
1/1/13,2013,1,2012,5.04,239975,3.070517989,0.9923,1.95,12.38829003,1.121846273,1.617406082,-0.007729798,0.667829373,0,0,0,1,0,0,5.454562351,5.102263171,5.630123196,1326575,5.359698707,0,5.359698707,5.102263171,5.630123196
2/1/13,2013,2,2012,5.26,165356,3.017604239,1.0097,1.95,12.015856,1.104463218,1.660131027,0.009653257,0.667829373,0,0,0,1,0,0,5.410787143,5.137303567,5.661285991,1304540,5.392934703,0,5.392934703,5.137303567,5.661285991
3/1/13,2013,3,2012,5.3,197907,2.974011713,1.0245,1.95,12.1955525,1.089911786,1.667706821,0.024204689,0.667829373,0,0,0,1,0,0,5.288247031,5.100859267,5.591953816,761455,5.340764874,0,5.340764874,5.100859267,5.591953816
4/1/13,2013,4,2013,5.3,6689120,3.067033075,1.0189,2,15.71599288,1.120710669,1.667706821,0.018723614,0.693147181,0,0,0,1,0,0,4.820204543,4.672645495,5.111969432,745000,4.887373624,0,4.887373624,4.672645495,5.111969432
5/1/13,2013,5,2013,4.61,38245061,2.803308824,1.02,1.83,17.45952499,1.030800442,1.528227857,0.019802627,0.604315967,0,0,0,1,0,0,4.286444195,4.069058034,4.598699251,641592,4.325780176,0,4.325780176,4.069058034,4.598699251
6/1/13,2013,6,2013,4.69,28006306,2.772055259,1.0315,1.83,17.14794026,1.019589016,1.545432582,0.031014054,0.604315967,0,0.076021035,0,0.076021035,0,0,4.467197287,4.322416245,4.826397611,1551837,4.56746094,0,4.56746094,4.322416245,4.826397611
7/1/13,2013,7,2013,4.91,16174650,2.749134699,1.0401,1.83,16.59895576,1.011286207,1.591273942,0.039316862,0.604315967,0,0.043904885,0,0.043904885,0,0,4.452107975,4.354626926,4.808377357,2895856,4.575881282,0,4.575881282,4.354626926,4.808377357
8/1/13,2013,8,2013,5.16,3847464,2.74887041,1.0402,1.83,15.16292479,1.011190067,1.640936579,0.039413002,0.604315967,0,0.010443655,0,0.010443655,0,0,4.609492193,4.503508835,4.943026177,4814644,4.718152399,0,4.718152399,4.503508835,4.943026177
9/1/13,2013,9,2013,5.2,1447734,2.765085582,1.0341,1.83,14.18551013,1.017071586,1.648658626,0.033531483,0.604315967,0,0.003929766,0,0.003929766,0,0,4.780882489,4.637197943,5.086265523,1456267,4.856544041,0,4.856544041,4.637197943,5.086265523
10/1/13,2013,10,2013,5.2,426068,2.758683068,1.0365,1.83,12.96235424,1.014753417,1.648658626,0.035849653,0.604315967,0,0.00115653,0,0.00115653,0,0,4.958840569,4.799783401,5.284867486,950852,5.03648878,0,5.03648878,4.799783401,5.284867486
11/1/13,2013,11,2013,5.24,443396,2.726590064,1.0487,1.83,13.00221855,1.003051768,1.656321498,0.047551302,0.604315967,0,0.001203565,0,0.001203565,0,0,4.886239913,4.784292823,5.264143233,1371047,5.018486096,0,5.018486096,4.784292823,5.264143233
12/1/13,2013,12,2013,5.25,301871,2.688140453,1.0637,1.83,12.61775505,0.988849673,1.658228077,0.061753396,0.604315967,0,0,0,1,0,0,4.789894961,4.764586985,5.217861981,749403,4.986076341,0,4.986076341,4.764586985,5.217861981
1/1/14,2014,1,2013,5.36,197358,2.612971763,1.0943,1.83,12.19277462,0.96048818,1.678963975,0.090114889,0.604315967,0,0,0,1,0,0,4.701757022,4.809609971,5.265816679,682488,5.032546513,0,5.032546513,4.809609971,5.265816679
2/1/14,2014,2,2013,5.4,106030,2.587435526,1.1051,1.83,11.57147735,0.950667241,1.686398954,0.099935829,0.604315967,0,0,0,1,0,0,4.745117619,4.888383617,5.374244732,665797,5.125560448,0,5.125560448,4.888383617,5.374244732
3/1/14,2014,3,2013,5.4,90832,2.573926546,1.1109,1.83,11.41676693,0.945432572,1.686398954,0.105170498,0.604315967,0,0,0,1,0,0,4.740806065,4.907326703,5.400277184,381429,5.147904858,0,5.147904858,4.907326703,5.400277184
4/1/14,2014,4,2014,5.4,4679550,3.27031577,1.0989,2.3,15.35871251,1.184886546,1.686398954,0.094309679,0.832909123,0,0,0,1,0,0,4.881102436,5.166988965,5.571538021,693255,5.365452029,0,5.365452029,5.166988965,5.571538021
5/1/14,2014,5,2014,5.1,23518882,3.300348976,1.0889,2.3,16.97331415,1.194028213,1.62924054,0.085168012,0.832909123,0,0,0,1,0,0,4.680184373,4.881207032,5.359838721,496210,5.114927415,0,5.114927415,4.881207032,5.359838721
6/1/14,2014,6,2014,5.11,30413015,3.319248176,1.0827,2.3,17.2303812,1.199738304,1.631199404,0.079457921,0.832909123,0,0.015594046,0,0.015594046,0,0,4.774919845,4.977854458,5.421381,632249,5.194886484,0,5.194886484,4.977854458,5.421381
7/1/14,2014,7,2014,5.22,18333321,3.347070876,1.0737,2.3,16.72423078,1.208085598,1.652497402,0.071110627,0.832909123,0,0.009400273,0,0.009400273,0,0,4.893249459,5.058647881,5.503265797,1478586,5.276275567,0,5.276275567,5.058647881,5.503265797
8/1/14,2014,8,2014,5.25,6037994,3.29037722,1.0922,2.3,15.6135824,1.191002215,1.658228077,0.088194011,0.832909123,0,0.003095936,0,0.003095936,0,0,4.959702678,5.227036093,5.622813244,2101494,5.421314211,0,5.421314211,5.227036093,5.622813244
9/1/14,2014,9,2014,5.25,1721268,3.263485289,1.1012,2.3,14.35857179,1.182795731,1.658228077,0.096400494,0.832909123,0,0.000882567,0,0.000882567,0,0,5.113395095,5.426040088,5.820836821,1684798,5.61997277,0,5.61997277,5.426040088,5.820836821
10/1/14,2014,10,2014,5.25,486513,3.204128031,1.1216,2.3,13.0950189,1.164439988,1.658228077,0.114756237,0.832909123,0,0.000249456,0,0.000249456,0,0,5.211891896,5.60622778,6.039047749,2203275,5.81861472,0,5.81861472,5.60622778,6.039047749
11/1/14,2014,11,2014,5.25,369553,3.171888791,1.133,2.3,12.82004945,1.154327244,1.658228077,0.124868982,0.832909123,0,0.000189486,0,0.000189486,0,0,5.195054483,5.639457912,6.081054018,1651923,5.856094961,0,5.856094961,5.639457912,6.081054018
12/1/14,2014,12,2014,5.25,406663,3.114707922,1.1538,2.3,12.91574011,1.136135383,1.658228077,0.143060843,0.832909123,0,0,0,1,0,0,4.986035915,5.54400533,5.922262775,1254727,5.730013647,0,5.730013647,5.54400533,5.922262775
1/1/15,2015,1,2014,5.25,571873,2.965384933,1.2119,2.3,13.25667222,1.08700685,1.658228077,0.192189376,0.832909123,0,0,0,1,0,0,4.645575881,5.473238785,5.805648566,1365558,5.63699396,0,5.63699396,5.473238785,5.805648566
2/1/15,2015,2,2014,5.21,336312,2.875230018,1.2499,2.3,12.72579458,1.056132677,1.650579856,0.223063548,0.832909123,0,0,0,1,0,0,4.55408754,5.541612183,5.913012754,699785,5.724301138,0,5.724301138,5.541612183,5.913012754
3/1/15,2015,3,2014,5.14,401861,2.848565314,1.2616,2.3,12.90386154,1.046815469,1.637053079,0.232380757,0.832909123,0,0,0,1,0,0,4.47677262,5.512459837,5.879362563,1301401,5.692956174,0,5.692956174,5.512459837,5.879362563
4/1/15,2015,4,2015,4.98,1959885,3.101454266,1.2343,2.45,14.48839636,1.13187112,1.605429891,0.210504008,0.896088025,0,0,0,1,0,0,4.533278203,5.485010966,5.801396096,1452713,5.640985836,0,5.640985836,5.485010966,5.801396096
5/1/15,2015,5,2015,4.78,14287587,3.14399228,1.2176,2.45,16.47490168,1.145493419,1.564440547,0.196881708,0.896088025,0,0,0,1,0,0,4.318262824,5.114493204,5.512218844,783916,5.309633303,0,5.309633303,5.114493204,5.512218844
6/1/15,2015,6,2015,4.89,40660646,3.097689756,1.2358,2.45,17.52077125,1.130656594,1.587192303,0.211718534,0.896088025,0,0.034531521,0,0.034531521,0,0,4.215535982,5.096131582,5.488058756,1424578,5.288465709,0,5.288465709,5.096131582,5.488058756
7/1/15,2015,7,2015,4.95,18491781,2.974687233,1.2869,2.45,16.73283692,1.090138902,1.599387577,0.252236226,0.896088025,0,0.015704358,0,0.015704358,0,0,4.087368658,5.172918506,5.57421206,1952918,5.369817941,0,5.369817941,5.172918506,5.57421206
8/1/15,2015,8,2015,4.92,5602594,2.912228984,1.3145,2.45,15.53874026,1.068918762,1.593308531,0.273456365,0.896088025,0,0.004758067,0,0.004758067,0,0,4.124976978,5.351051437,5.759042519,2988794,5.551300096,0,5.551300096,5.351051437,5.759042519
9/1/15,2015,9,2015,4.9,1579360,2.886754393,1.3261,2.45,14.27253026,1.060132824,1.589235205,0.282242304,0.896088025,0,0.00134129,0,0.00134129,0,0,4.248912652,5.558425442,5.988226491,1657714,5.769324959,0,5.769324959,5.558425442,5.988226491
10/1/15,2015,10,2015,4.95,1890310,2.928940321,1.307,2.45,14.45225139,1.074640692,1.599387577,0.267734435,0.896088025,0,0.001605368,0,0.001605368,0,0,4.300214638,5.535311199,5.937511325,1527434,5.732885219,0,5.732885219,5.535311199,5.937511325
11/1/15,2015,11,2015,5.06,749831,2.883709981,1.3275,2.45,13.52760313,1.059077653,1.621366483,0.283297474,0.896088025,0,0.000636803,0,0.000636803,0,0,4.347556227,5.677999615,6.13749975,1848668,5.903280547,0,5.903280547,5.677999615,6.13749975
12/1/15,2015,12,2015,5.17,696312,2.791602859,1.3713,2.45,13.45355311,1.026615932,1.642872689,0.315759195,0.896088025,0,0,0,1,0,0,4.121400729,5.613371555,6.08953721,1708454,5.846608842,0,5.846608842,5.613371555,6.08953721
1/1/16,2016,1,2015,5.34,344780,2.690368262,1.4229,2.45,12.75066181,0.989678085,1.675225653,0.352697043,0.896088025,0,0,0,1,0,0,4.031281232,5.712960193,6.34190228,1501865,6.019222148,0,6.019222148,5.712960193,6.34190228
2/1/16,2016,2,2015,5.62,317312,2.775009061,1.3795,2.45,12.6676408,1.020654012,1.726331664,0.321721115,0.896088025,0,0,0,1,0,0,4.198559079,5.736687254,6.269029881,2150084,5.996954545,0,5.996954545,5.736687254,6.269029881
3/1/16,2016,3,2015,5.62,185028,2.897460642,1.3212,2.45,12.12826244,1.063834713,1.726331664,0.278540415,0.896088025,0,0,0,1,0,0,4.506216017,5.833039474,6.312300635,2094783,6.067940242,0,6.067940242,5.833039474,6.312300635
4/1/16,2016,4,2016,5.8,9561392,3.657252087,1.2817,3,16.07324388,1.29671207,1.757857918,0.248187322,1.098612289,0,0,0,1,0,0,4.631813004,5.86032678,6.264727645,1428301,6.059154329,0,6.059154329,5.86032678,6.264727645
5/1/16,2016,5,2016,5.89,31139395,3.620529852,1.2947,3,17.2539843,1.286620383,1.773255998,0.258279008,1.098612289,0,0,0,1,0,0,4.397383419,5.586982077,6.08815402,1471355,5.832187188,0,5.832187188,5.586982077,6.08815402
6/1/16,2016,6,2016,6.47,18656961,3.636822096,1.2889,3,16.74172988,1.29111025,1.867176109,0.253789141,1.098612289,0,0.156334196,0,0.156334196,0,0,4.842285927,5.983743972,6.908038023,2109987,6.429302519,0,6.429302519,5.983743972,6.908038023
7/1/16,2016,7,2016,6.66,15301476,3.592779949,1.3047,3,16.54345985,1.278926262,1.896119485,0.265973129,1.098612289,0,0.128217234,0,0.128217234,0,0,4.747817995,6.02259562,6.76516653,3634209,6.383091908,0,6.383091908,6.02259562,6.76516653
8/1/16,2016,8,2016,6.85,5456859,3.60687904,1.2996,3,15.51238391,1.282842867,1.924248652,0.262056525,1.098612289,0,0.045725221,0,0.045725221,0,0,4.788114418,6.190618712,6.554942071,3279866,6.370176374,0,6.370176374,6.190618712,6.554942071
9/1/16,2016,9,2016,7.12,1302209,3.576879054,1.3105,3,14.07957261,1.274490648,1.962907725,0.270408744,1.098612289,0,0.010911734,0,0.010911734,0,0,4.901496257,6.363464437,6.757477977,2926339,6.557512546,0,6.557512546,6.363464437,6.757477977
10/1/16,2016,10,2016,7.54,425071,3.538537027,1.3247,3,12.96001149,1.263713373,2.020222182,0.281186019,1.098612289,0,0.003561841,0,0.003561841,0,0,5.001113429,6.520836078,7.01164915,2008402,6.761790794,0,6.761790794,6.520836078,7.01164915
11/1/16,2016,11,2016,7.93,190887,3.486944878,1.3443,3,12.15943691,1.24902596,2.070653036,0.295873431,1.098612289,0,0.001599519,0,0.001599519,0,0,5.033935722,6.630868636,7.220131692,2059274,6.919230072,0,6.919230072,6.630868636,7.220131692
12/1/16,2016,12,2016,7.95,262797,3.512814748,1.3344,3,12.47913715,1.256417639,2.073171929,0.288481753,1.098612289,0,0,0,1,0,0,4.947548133,6.517934751,6.979521548,1762505,6.744780652,0,6.744780652,6.517934751,6.979521548
1/1/17,2017,1,2016,7.95,234243,3.552751251,1.3194,3,12.36411432,1.267722304,2.073171929,0.277177088,1.098612289,0,0,0,1,0,0,5.039729817,6.548204884,7.010446469,3079393,6.775384846,0,6.775384846,6.548204884,7.010446469
2/1/17,2017,2,2016,7.95,233831,3.575514874,1.311,3,12.36235391,1.274109186,2.073171929,0.270790205,1.098612289,0,0,0,1,0,0,5.081979659,6.554722235,7.013402753,1621563,6.780184877,0,6.780184877,6.554722235,7.013402753
3/1/17,2017,3,2016,7.95,271598,3.502054539,1.3385,3,12.51207831,1.253349807,2.073171929,0.291549584,1.098612289,0,0,0,1,0,0,4.922542495,6.50934544,6.971472675,1377553,6.736447422,0,6.736447422,6.50934544,6.971472675
4/1/17,2017,4,2017,7.95,5799183,5.10484111,1.3437,4.39,15.5732276,1.630189327,2.073171929,0.295427003,1.479329227,0,0,0,1,0,0,5.514819936,7.300729625,7.906394143,849962,7.597528937,0,7.597528937,7.300729625,7.906394143
5/1/17,2017,5,2017,7.18,25144413,5.040322581,1.3609,4.39,17.04014628,1.617470084,1.971299383,0.308146246,1.479329227,0,0,0,1,0,0,5.160032918,6.847331152,7.626239431,505271,7.22629828,0,7.22629828,6.847331152,7.626239431
6/1/17,2017,6,2017,7.41,22244357,5.160140676,1.3293,4.39,16.91759892,1.640963842,2.002830439,0.284652488,1.479329227,0,0.058691067,0,0.058691067,0,0,5.563206438,7.317045542,7.923627996,1294119,7.614298845,0,7.614298845,7.317045542,7.923627996
7/1/17,2017,7,2017,7.88,18823113,5.40874862,1.2682,4.39,16.75059609,1.688017757,2.064327904,0.237598572,1.479329227,0,0.049664218,0,0.049664218,0,0,5.962527796,7.505590725,8.06147175,1906963,7.778567194,0,7.778567194,7.505590725,8.06147175
8/1/17,2017,8,2017,8.1,4721188,5.440925676,1.2607,4.39,15.36757102,1.693949207,2.091864062,0.231667122,1.479329227,0,0.012456713,0,0.012456713,0,0,6.206864098,7.761884145,8.28060882,3097967,8.01705222,0,8.01705222,7.761884145,8.28060882
9/1/17,2017,9,2017,8.1,1563363,5.580811163,1.2291,4.39,14.26234983,1.719334136,2.091864062,0.206282194,1.479329227,0,0.004124886,0,0.004124886,0,0,6.652513087,7.98953401,8.774602479,2328941,8.372871964,0,8.372871964,7.98953401,8.774602479
10/1/17,2017,10,2017,8.1,466674,5.442220724,1.2604,4.39,13.05338622,1.694187199,2.091864062,0.231429131,1.479329227,0,0.001231305,0,0.001231305,0,0,6.672339568,8.233944888,8.931981243,1843531,8.57586388,0,8.57586388,8.233944888,8.931981243
11/1/17,2017,11,2017,8.1,744945,5.373580102,1.2765,4.39,13.52106567,1.681494372,2.091864062,0.244121958,1.479329227,0,0.001965515,0,0.001965515,0,0,6.454546065,8.121555178,8.698441782,1548361,8.405050558,0,8.405050558,8.121555178,8.698441782
12/1/17,2017,12,2017,8.1,829864,5.374422158,1.2763,4.39,13.62901711,1.681651063,2.091864062,0.243965267,1.479329227,0,0,0,1,0,0,6.327663748,7.980192636,8.513770704,1102813,8.242665241,0,8.242665241,7.980192636,8.513770704
1/1/18,2018,1,2017,8.1,256111,5.519735254,1.2427,4.39,12.45336622,1.708329898,2.091864062,0.217286432,1.479329227,0,0,0,1,0,0,6.831621745,8.239331682,9.099400147,1704620,8.658693661,0,8.658693661,8.239331682,9.099400147
2/1/18,2018,2,2017,8.1,203302,5.450870153,1.2584,4.39,12.22244784,1.695775257,2.091864062,0.229841073,1.479329227,0,0,0,1,0,0,6.761962075,8.284834205,9.068817482,1290636,8.667966848,0,8.667966848,8.284834205,9.068817482
3/1/18,2018,3,2017,7.97,167603,5.303777159,1.2933,4.39,12.02935337,1.668419238,2.075684493,0.257197091,1.479329227,0,0,0,1,0,0,6.544935885,8.285074983,8.953101462,2065360,8.612613828,0,8.612613828,8.285074983,8.953101462
4/1/18,2018,4,2018,7.95,3868945,5.89020655,1.2733,4.8,15.16849242,1.773291065,2.073171929,0.241611956,1.568615918,0,0,0,1,0,0,6.36447161,8.028404251,8.591270177,1628750,8.305070139,0,8.305070139,8.028404251,8.591270177
5/1/18,2018,5,2018,8.84,20963522,5.831130462,1.2862,4.8,16.85829444,1.763210886,2.179286877,0.251692135,1.568615918,0,0,0,1,0,0,5.932645076,7.533746396,8.156483582,1880624,7.838933524,0,7.838933524,7.533746396,8.156483582
6/1/18,2018,6,2018,9.1,17602119,5.71297989,1.3128,4.8,16.68352985,1.74274076,2.208274414,0.272162261,1.568615918,0,-0.004817421,0,-0.004817421,0,0,5.873117371,7.58809125,8.241008534,2350703,7.907814157,0,7.907814157,7.58809125,8.241008534
7/1/18,2018,7,2018,9.07,12569922,5.71123972,1.3132,4.8,16.34681738,1.742436114,2.204972264,0.272466907,1.568615918,0,-0.003440189,0,-0.003440189,0,0,5.938925697,7.688054271,8.313198204,3890598,7.994518057,0,7.994518057,7.688054271,8.313198204
8/1/18,2018,8,2018,8.81,2896245,5.751533742,1.304,4.8,14.87892563,1.749466557,2.17588744,0.265436464,1.568615918,0,-0.000792656,0,-0.000792656,0,0,6.303221685,8.14030826,8.679459733,3300063,8.405562311,0,8.405562311,8.14030826,8.679459733
9/1/18,2018,9,2018,8.75,1684758,5.753298558,1.3036,4.8,14.33713249,1.749773353,2.1690537,0.265129668,1.568615918,0,-0.000461092,0,-0.000461092,0,0,6.420240064,8.279103733,8.831538378,2812587,8.550860913,0,8.550860913,8.279103733,8.831538378
10/1/18,2018,10,2018,8.75,1340910,5.765682657,1.3008,4.8,14.10885905,1.751923561,2.1690537,0.26297946,1.568615918,0,-0.000366986,0,-0.000366986,0,0,6.489181035,8.345613068,8.905825146,2672305,8.621169916,0,8.621169916,8.345613068,8.905825146
11/1/18,2018,11,2018,8.75,1105843,5.679236711,1.3206,4.8,13.9161185,1.736816842,2.1690537,0.278086179,1.568615918,0,-0.000302652,0,-0.000302652,0,0,6.388181986,8.304344874,8.928779093,1286570,8.610903605,0,8.610903605,8.304344874,8.928779093
12/1/18,2018,12,2018,8.75,715560,5.579526856,1.3442,4.8,13.48082073,1.71910398,2.1690537,0.295799041,1.568615918,0,0,0,1,0,0,6.216305207,8.193496238,8.875738566,1976887,8.52779752,0,8.52779752,8.193496238,8.875738566
1/1/19,2019,1,2018,8.56,787624,5.639945857,1.3298,4.8,13.5767761,1.729874466,2.14710019,0.285028555,1.568615918,0,0,0,1,0,0,6.295154839,8.243629106,8.853476642,2181934,8.543112883,0,8.543112883,8.243629106,8.853476642
2/1/19,2019,2,2018,8.63,376162,5.676657584,1.3212,4.8,12.83777518,1.736362606,2.155244505,0.278540415,1.568615918,0,0,0,1,0,0,6.511545183,8.456041023,9.091010092,2300750,8.767779324,0,8.767779324,8.456041023,9.091010092
3/1/19,2019,3,2018,8.74,207889,5.61251216,1.3363,4.8,12.24475956,1.72499842,2.16791019,0.289904601,1.568615918,0,0,0,1,0,0,6.530405255,8.52062656,9.264946347,2957449,8.884995662,0,8.884995662,8.52062656,9.264946347
4/1/19,2019,4,2019,8.64,5597056,5.922454396,1.3376,5.07,15.5377513,1.778750957,2.156402583,0.290876963,1.623340818,0,0,0,1,0,0,6.039547998,7.920365959,8.636673453,1732934,8.270768672,0,8.270768672,7.920365959,8.636673453
5/1/19,2019,5,2019,8.04,26336306,5.885931347,1.3459,5.07,17.086459,1.772564986,2.084429083,0.297062934,1.623340818,0,0,0,1,0,0,5.68711415,7.43624597,8.304527777,1905045,7.858403859,0,7.858403859,7.43624597,8.304527777
6/1/19,2019,6,2019,8.28,19557258,5.961675948,1.3288,5.07,16.78885703,1.785351641,2.113842968,0.284276279,1.623340818,0,0.058187313,0,0.058187313,0,0,6.075716716,7.948265039,8.677635282,1485769,8.304947028,0,8.304947028,7.948265039,8.677635282
7/1/19,2019,7,2019,8.4,13243775,6.045386905,1.3104,5.07,16.39903819,1.799295486,2.128231706,0.270332434,1.623340818,0,0.039403258,0,0.039403258,0,0,6.238896499,8.104381371,8.705900088,2382566,8.399758002,0,8.399758002,8.104381371,8.705900088
8/1/19,2019,8,2019,8.43,3871824,5.96841332,1.3273,5.07,15.16923627,1.786481117,2.131796772,0.283146804,1.623340818,0,0.011519561,0,0.011519561,0,0,6.308968079,8.248410526,8.903404802,3099076,8.569652145,0,8.569652145,8.248410526,8.903404802
9/1/19,2019,9,2019,8.56,1423660,5.981482181,1.3244,5.07,14.16874158,1.788668394,2.14710019,0.280959527,1.623340818,0,0.004235714,0,0.004235714,0,0,6.523614111,8.493994914,9.165211514,2810559,8.823222767,0,8.823222767,8.493994914,9.165211514
10/1/19,2019,10,2019,8.8,473947,6.004149613,1.3194,5.07,13.06885078,1.792450832,2.174751721,0.277177088,1.623340818,0,0.001410101,0,0.001410101,0,0,6.79485769,8.775563128,9.513197609,3563420,9.13693965,0,9.13693965,8.775563128,9.513197609
11/1/19,2019,11,2019,8.97,307773,5.986001965,1.3234,5.07,12.63711778,1.789423738,2.193885676,0.280204183,1.623340818,0,0.000915695,0,0.000915695,0,0,6.859988153,8.851922592,9.654143329,2215751,9.244334992,0,9.244334992,8.851922592,9.654143329
12/1/19,2019,12,2019,9.18,496798,6.013721248,1.3173,5.07,13.11593878,1.794043733,2.217027205,0.275584187,1.623340818,0,0,0,1,0,0,6.690270848,8.667238926,9.316800073,2618924,8.98615225,0,8.98615225,8.667238926,9.316800073
1/1/20,2020,1,2019,9.26,144626,6.055553432,1.3082,5.07,11.88190638,1.800975774,2.225704049,0.268652147,1.623340818,0,0,1,1,0,0,8.393994407,10.56548739,11.72959107,2006645,11.13233339,0,11.13233339,10.56548739,11.72959107
2/1/20,2020,2,2019,9.3,173703,5.963920048,1.3283,5.07,12.06510222,1.785727991,2.2300144,0.283899929,1.623340818,0,0,1,1,0,0,8.157414048,10.41007353,11.58786279,2243386,10.98319187,0,10.98319187,10.41007353,11.58786279
3/1/20,2020,3,2019,9.3,199796,5.682021948,1.3942,5.07,12.20505212,1.737307146,2.2300144,0.332320774,1.623340818,0,0,1,1,0,0,7.556157584,9.945699494,11.50323479,3435711,10.69615428,0,10.69615428,9.945699494,11.50323479
4/1/20,2020,4,2020,9.3,2217338,3.836743772,1.405,3.45,14.61181794,1.344624031,2.2300144,0.340037303,1.238374231,0,0,1,1,0,0,5.562588954,7.592472227,8.572265404,2443551,8.067508104,0,8.067508104,7.592472227,8.572265404
5/1/20,2020,5,2020,6.9,23137129,3.858438909,1.3971,3.45,16.9569492,1.350262674,1.931521412,0.33439866,1.238374231,0,0,1,1,0,0,5.188920409,6.986403436,8.059054499,2262090,7.503586212,0,7.503586212,6.986403436,8.059054499
6/1/20,2020,6,2020,7.82,28740074,3.977440419,1.3553,3.45,17.17380301,1.380638502,2.056684555,0.304022832,1.238374231,0,0.237151232,1,0.237151232,0,0,5.953668255,7.513879416,9.369619908,2947259,8.390601538,0,8.390601538,7.513879416,9.369619908
7/1/20,2020,7,2020,9.22,17391190,3.992464079,1.3502,3.45,16.67147431,1.384408604,2.221375038,0.30025273,1.238374231,0,0.143504924,1,0.143504924,0,0,5.876332117,7.631498222,8.809837548,6007500,8.19952801,0,8.19952801,7.631498222,8.809837548
8/1/20,2020,8,2020,9.28,4673690,4.074238531,1.3231,3.45,15.35745947,1.404683866,2.227861547,0.279977468,1.238374231,0,0.038565361,1,0.038565361,0,0,6.065490281,7.788849376,8.641249142,8256848,8.203986104,0,8.203986104,7.788849376,8.641249142
9/1/20,2020,9,2020,9.58,1035875,4.075778769,1.3226,3.45,13.85075704,1.405061837,2.259677592,0.279599496,1.238374231,0,0.008547613,1,0.008547613,0,0,6.30646519,8.04193803,8.964566845,7208050,8.490729711,0,8.490729711,8.04193803,8.964566845
10/1/20,2020,10,2020,9.77,506121,4.079480097,1.3214,3.45,13.13453105,1.405969553,2.279316466,0.278691781,1.238374231,0,0.004176302,1,0.004176302,0,0,6.454268188,8.19875258,9.163433623,4728571,8.667682797,0,8.667682797,8.19875258,9.163433623
11/1/20,2020,11,2020,9.9,343834,4.123479691,1.3073,3.45,12.74791426,1.416697392,2.292534757,0.267963942,1.238374231,0,0.002837176,1,0.002837176,0,0,6.628691166,8.308798223,9.294219185,4021354,8.78770686,0,8.78770686,8.308798223,9.294219185
12/1/20,2020,12,2020,9.9,223489,4.206824567,1.2814,3.45,12.31711747,1.436708103,2.292534757,0.24795323,1.238374231,0,0,1,1,0,0,6.791342204,8.345717076,9.284076481,2527265,8.802401696,0,8.802401696,8.345717076,9.284076481
1/1/21,2021,1,2020,9.9,71967,4.234583661,1.273,3.45,11.18396296,1.443285014,2.292534757,0.24137632,1.238374231,0,0,1,1,0,0,7.111888719,8.615623577,9.684054042,2113419,9.134230363,0,9.134230363,8.615623577,9.684054042
2/1/21,2021,2,2020,9.9,191390,4.243918281,1.2702,3.45,12.16206851,1.445486965,2.292534757,0.239174368,1.238374231,0,0,1,1,0,0,6.907088969,8.395804917,9.362404595,2381766,8.865941717,0,8.865941717,8.395804917,9.362404595
3/1/21,2021,3,2020,9.9,615632,4.286779324,1.2575,3.45,13.33040466,1.455535711,2.292534757,0.229125623,1.238374231,0,0,1,1,0,0,6.736963531,8.131857011,9.040814711,5097557,8.574299533,0,8.574299533,8.131857011,9.040814711
4/1/21,2021,4,2021,9.9,20312724,9.432972173,1.2506,7.55,16.82675805,2.24421123,2.292534757,0.223623436,2.021547563,1.2,0,1,1,0,0,11.58647073,13.91263786,15.95683285,4063868,14.89971936,0,14.89971936,13.91263786,15.95683285
5/1/21,2021,5,2021,13.11,26614604,9.726172809,1.2129,7.55,17.09697065,2.27482048,2.573375298,0.193014186,2.021547563,1.2,0,1,1,0,0,12.05823761,13.97818759,16.51234935,1995725,15.19252174,0,15.19252174,13.97818759,16.51234935
6/1/21,2021,6,2021,14.88,18490359,9.657695456,1.2215,7.55,16.73276002,2.267755054,2.700018029,0.200079612,2.021547563,1.2,0.130884435,1,0.130884435,0,0,12.86830462,15.02053404,17.85508034,4467402,16.37659434,0,16.37659434,15.02053404,17.85508034
7/1/21,2021,7,2021,16.24,12491323,9.414152901,1.2531,7.55,16.3405448,2.242214185,2.787477335,0.225620481,2.021547563,1.2,0.08842012,1,0.08842012,0,0,12.31951292,14.94382728,16.94520624,7129427,15.91308378,0,15.91308378,14.94382728,16.94520624
8/1/21,2021,8,2021,16.4,4835852,9.364085569,1.2598,7.55,15.39156789,2.236881688,2.797281335,0.230952978,2.021547563,1.2,0.034230691,1,0.034230691,0,0,12.35173523,15.04628556,16.89988235,6896341,15.9461737,0,15.9461737,15.04628556,16.89988235
9/1/21,2021,9,2021,16.4,1502014,9.311607072,1.2669,7.55,14.22231743,2.231261694,2.797281335,0.236572972,2.021547563,1.2,0.010632041,1,0.010632041,0,0,12.61030632,15.34218704,17.30327377,5351717,16.29325206,0,16.29325206,15.34218704,17.30327377
10/1/21,2021,10,2021,16.56,1109754,9.476924004,1.2448,7.55,13.91964893,2.248859791,2.806990149,0.218974874,2.021547563,1.2,0.007855419,1,0.007855419,0,0,13.0869665,15.68479448,17.7523908,5451093,16.68659945,0,16.68659945,15.68479448,17.7523908
11/1/21,2021,11,2021,16.79,1226110,9.390921032,1.2562,7.55,14.01935711,2.239743375,2.820783471,0.228091291,2.021547563,1.2,0.008679048,1,0.008679048,0,0,12.85920715,15.54609503,17.52497809,4720002,16.50590727,0,16.50590727,15.54609503,17.52497809
12/1/21,2021,12,2021,16.8,759392,9.21918959,1.2796,7.55,13.54027339,2.221287137,2.821378886,0.246547529,2.021547563,1.2,0,1,1,0,0,12.44354426,15.21726434,17.19189943,2069959,16.17447613,0,16.17447613,15.21726434,17.19189943
1/1/22,2022,1,2021,16.8,430600,9.34776149,1.262,7.55,12.97293486,2.235136902,2.821378886,0.232697764,2.021547563,1.2,0,0,1,0,0,10.87082768,13.0974288,15.02169671,875851,14.0266034,0,14.0266034,13.0974288,15.02169671
2/1/22,2022,2,2021,16.42,253059,9.277190154,1.2716,7.55,12.44137794,2.227558716,2.798500104,0.24027595,2.021547563,1.2,0,0,1,0,0,10.92895433,13.20772776,15.19393852,2163010,14.16606521,0,14.16606521,13.20772776,15.19393852
3/1/22,2022,3,2021,15.41,715025,9.320435332,1.2657,7.55,13.48007279,2.232209337,2.735016649,0.235625329,2.021547563,1.2,0,0,1,0,0,10.64090383,12.8700009,14.73641733,965972,13.77162678,0,13.77162678,12.8700009,14.73641733
4/1/22,2022,4,2022,12.07,12212825,7.861401632,1.2621,6.35,16.31799719,2.061964915,2.490723035,0.232777,1.848454813,-1.2,0,0,1,0,0,6.131865966,7.398522687,8.75993824,579344,8.050503202,0,8.050503202,7.398522687,8.75993824
5/1/22,2022,5,2022,10.41,25744430,7.716499456,1.2858,6.35,17.06372885,2.043360823,2.342766883,0.251381093,1.848454813,-1.2,0,0,1,0,0,5.813411699,7.221103687,8.336534064,1379193,7.758799963,0,7.758799963,7.221103687,8.336534064
6/1/22,2022,6,2022,8.48,15662883,7.750253867,1.2802,6.35,16.56680433,2.0477256,2.13771045,0.247016316,1.848454813,-1.2,-0.084207922,0,-0.084207922,0,0,5.858481399,7.155323278,8.391924259,824686,7.748995483,0,7.748995483,7.155323278,8.391924259
7/1/22,2022,7,2022,7.53,12783300,7.658131368,1.2956,6.35,16.36365019,2.035768007,2.018895042,0.258973908,1.848454813,-1.2,-0.0687265,0,-0.0687265,0,0,5.822682833,7.252323957,8.349110107,353792,7.781417046,0,7.781417046,7.252323957,8.349110107
8/1/22,2022,8,2022,7.05,6296435,7.68422785,1.2912,6.35,15.65549416,2.039169897,1.953027617,0.255572019,1.848454813,-1.2,-0.033851348,0,-0.033851348,0,0,6.069376049,7.582935029,8.634170785,903631,8.091499001,0,8.091499001,7.582935029,8.634170785
9/1/22,2022,9,2022,7.26,4479156,7.442150465,1.3332,6.35,15.31494519,2.007159848,1.982379829,0.287582067,1.848454813,-1.2,-0.024081162,0,-0.024081162,0,0,5.860651587,7.592258051,8.494127575,431765,8.030542228,0,8.030542228,7.592258051,8.494127575
10/1/22,2022,10,2022,7.84,3456535,7.233796296,1.3716,6.35,15.0557772,1.978763974,2.059238834,0.315977942,1.848454813,-1.2,-0.018583273,0,-0.018583273,0,0,5.665465811,7.474193923,8.489790268,434558,7.965823173,0,7.965823173,7.474193923,8.489790268
11/1/22,2022,11,2022,7.9,2169553,7.378504499,1.3447,6.35,14.59003171,1.998570976,2.066862759,0.29617094,1.848454813,-1.2,-0.011664107,0,-0.011664107,0,0,5.949411617,7.756387993,8.689037133,1315907,8.209478869,0,8.209478869,7.756387993,8.689037133
12/1/22,2022,12,2022,7.77,1662831,7.307855196,1.3577,6.35,14.32403213,1.988949824,2.050270164,0.305792092,1.848454813,-1.2,0,0,1,0,0,5.844568724,7.667891705,8.641104744,825279,8.139966547,0,8.139966547,7.667891705,8.641104744
1/1/23,2023,1,2022,7.27,2895460,7.387294319,1.3431,6.35,14.87865455,1.999761541,1.983756292,0.294980375,1.848454813,-1.2,0,0,1,0,0,5.836787389,7.60601692,8.535518156,313262,8.057375225,0,8.057375225,7.60601692,8.535518156
2/1/23,2023,2,2022,6.91,2480032,7.380699993,1.3443,6.35,14.72378202,1.998868484,1.932969638,0.295873431,1.848454813,-1.2,0,0,1,0,0,5.858419014,7.637010398,8.573057871,425034,8.091509878,0,8.091509878,7.637010398,8.573057871
3/1/23,2023,3,2022,6.07,3502261,7.251242418,1.3683,6.35,15.06891932,1.981172822,1.803358605,0.313569093,1.848454813,-1.2,0,0,1,0,0,5.634002848,7.438576664,8.420234978,2220156,7.914200112,0,7.914200112,7.438576664,8.420234978
4/1/23,2023,4,2023,5.17,14530441,2.607063404,1.3485,2.25,16.49175639,0.958224455,1.642872689,0.298992864,0.810930216,0,0,0,1,0,0,3.624961573,4.821144006,5.308286864,2595363,5.058855147,0,5.058855147,4.821144006,5.308286864
5/1/23,2023,5,2023,4.65,18463829,2.599929744,1.3522,2.25,16.73132419,0.955484423,1.53686722,0.301732896,0.810930216,0,0,0,1,0,0,3.584731523,4.778537484,5.28175314,1000417,5.02384866,0,5.02384866,4.778537484,5.28175314
6/1/23,2023,6,2023,4.97,27468031,2.644122292,1.3296,2.25,17.12853338,0.972339174,1.60341984,0.284878145,0.810930216,0,0.07738311,0,0.07738311,0,0,3.774438267,4.963554693,5.427873119,1067583,5.190524549,0,5.190524549,4.963554693,5.427873119
7/1/23,2023,7,2023,5.29,27619454,2.65992661,1.3217,2.25,17.13403094,0.978298532,1.665818246,0.278918787,0.810930216,0,0.0778097,0,0.0778097,0,0,3.801396867,4.962757509,5.41965521,1077971,5.186177262,0,5.186177262,4.962757509,5.41965521
8/1/23,2023,8,2023,5.74,14491632,2.608998145,1.3475,2.25,16.48908194,0.958966295,1.74745921,0.298251024,0.810930216,0,0.040825917,0,0.040825917,0,0,3.742438981,5.011441416,5.449225329,835063,5.225750998,0,5.225750998,5.011441416,5.449225329
9/1/23,2023,9,2023,5.75,2184439,2.59935305,1.3525,2.25,14.5968696,0.955262587,1.749199855,0.301954732,0.810930216,0,0.006154015,0,0.006154015,0,0,3.914609834,5.235362063,5.707394233,250853,5.466285324,0,5.466285324,5.235362063,5.707394233
10/1/23,2023,10,2023,5.75,1955859,2.565587827,1.3703,2.25,14.48634004,0.942187625,1.749199855,0.315029694,0.810930216,0,0.005510058,0,0.005510058,0,0,3.866995479,5.248276641,5.760224987,437686,5.498295577,0,5.498295577,5.248276641,5.760224987
11/1/23,2023,11,2023,5.63,1089692,2.562222141,1.3721,2.25,13.90140565,0.940874906,1.728109442,0.316342413,0.810930216,0,0.003069887,0,0.003069887,0,0,3.932395294,5.333236471,5.869902587,277988,5.595138833,0,5.595138833,5.333236471,5.869902587
12/1/23,2023,12,2023,5.32,1079542,2.618520036,1.3426,2.25,13.89204744,0.962609286,1.671473303,0.294608033,0.810930216,0,0,0,1,0,0,3.969415521,5.26794598,5.701886019,299046,5.480622915,0,5.480622915,5.26794598,5.701886019
1/1/24,2024,1,2023,5.4,1624049,2.619885983,1.3419,2.25,14.30043297,0.963130799,1.686398954,0.29408652,0.810930216,0,0,0,1,0,0,3.918887429,5.201585041,5.628785964,310091,5.410971158,0,5.410971158,5.201585041,5.628785964
2/1/24,2024,2,2023,5.45,1611183,2.605903936,1.3491,2.25,14.29247925,0.957779615,1.695615609,0.299437703,0.810930216,0,0,0,1,0,0,3.894887331,5.201530036,5.642278681,739768,5.417423929,0,5.417423929,5.201530036,5.642278681
3/1/24,2024,3,2023,5.45,1825878,2.59589825,1.3543,2.25,14.41757153,0.953932603,1.695615609,0.303284716,0.810930216,0,0,0,1,0,0,3.861078325,5.179894032,5.630040657,1912168,5.400279067,0,5.400279067,5.179894032,5.630040657
4/1/24,2024,4,2024,5.64,18020833,3.431300783,1.3661,3,16.70703904,1.232939426,1.729884066,0.311959965,1.098612289,0,0,0,1,0,0,4.175824687,5.652104951,6.173727985,1866913,5.907161629,0,5.907161629,5.652104951,6.173727985
5/1/24,2024,5,2024,6.19,35151950,3.428038613,1.3674,3,17.37519065,1.231988265,1.822935087,0.312911126,1.098612289,0,0,0,1,0,0,4.079992893,5.506460953,6.078806481,2673709,5.78556052,0,5.78556052,5.506460953,6.078806481
6/1/24,2024,6,2024,6.06,24068194,3.420534151,1.3704,3,16.99640178,1.229796723,1.8017098,0.315102668,1.098612289,0,0.147682602,0,0.147682602,0,0,4.420289431,5.912795221,6.764459416,1299880,6.324307338,0,6.324307338,5.912795221,6.764459416
7/1/24,2024,7,2024,6.05,17850560,3.419536037,1.3708,3,16.69754544,1.22950488,1.800058272,0.315394511,1.098612289,0,0.109531157,0,0.109531157,0,0,4.399663313,5.967204592,6.613571535,589589,6.282080422,0,6.282080422,5.967204592,6.613571535
8/1/24,2024,8,2024,6.09,5248736,3.427537292,1.3676,3,15.47349784,1.231842013,1.806648082,0.313057379,1.098612289,0,0.03220628,0,0.03220628,0,0,4.464665037,6.108401707,6.534795701,317678,6.318002629,0,6.318002629,6.108401707,6.534795701
9/1/24,2024,9,2024,6.67,2406014,3.460942115,1.3544,3,14.69348199,1.24154084,1.89761986,0.303358552,1.098612289,0,0.014763318,0,0.014763318,0,0,4.608907998,6.218780033,6.644027843,369921,6.427888276,0,6.427888276,6.218780033,6.644027843
10/1/24,2024,10,2024,7.46,1832792,3.412813979,1.3735,3,14.42135105,1.227537165,2.009555414,0.317362227,1.098612289,0,0.011246024,0,0.011246024,0,0,4.560601486,6.242509215,6.707115,173248,6.470643492,0,6.470643492,6.242509215,6.707115
11/1/24,2024,11,2024,8.21,1776956,3.354924134,1.3972,3,14.39041235,1.210429157,2.105352923,0.334470234,1.098612289,0,0.010903414,0,0.010903414,1,11.3395538,5.863985242,6.70034845,10.05979024,196780,8.209999996,0,8.209999996,6.70034845,10.05979024
12/1/24,2024,12,2024,8.38,1442957,3.292477348,1.4237,3,14.18220504,1.191640275,2.125847914,0.353259117,1.098612289,0,0,0,1,1,11.3395538,5.648776305,7.733776791,9.778985299,542005,8.696464198,1,8.696464198,7.733776791,9.778985299
1/1/25,2025,1,2025,8.62,1461644.1,3.257470466,1.439,3,14.19507246,1.180950964,2.154085085,0.363948428,1.098612289,0,0,0,1,1,11.3395538,5.56853452,7.737428623,9.783681392,NA,8.700605522,1,8.700605522,7.737428623,9.783681392
2/1/25,2025,2,2025,9.11,1450064.7,3.282037689,1.428228571,3,14.18711873,1.188464476,2.209372711,0.356434915,1.098612289,0,0,0,1,1,11.3395538,5.624614229,7.734433521,9.779720154,NA,8.697160191,1,8.697160191,7.734433521,9.779720154
3/1/25,2025,3,2024,NA,1825878,2.215166507,1.43249831,3,14.41757153,0.795327573,NA,0.303284716,1.098612289,0,0,0,1,1,11.3395538,3.861078325,5.947227819,7.58952799,1912168,6.71838165,1,6.71838165,5.947227819,7.58952799
4/1/25,2025,4,2025,NA,18020833,2.415635751,1.43676804,3.3,16.70703904,0.881962504,NA,0.311959965,1.193922468,0,0,0,1,1,11.3395538,4.175824687,5.847236324,7.482194487,1866913,6.614390326,1,6.614390326,5.847236324,7.482194487
5/1/25,2025,5,2025,NA,35151950,2.413339184,1.44530751,3.3,17.37519065,0.881011342,NA,0.312911126,1.193922468,0,0,0,1,1,11.3395538,4.079992893,5.718695007,7.342647734,2673709,6.47999714,1,6.47999714,5.718695007,7.342647734
6/1/25,2025,6,2025,NA,24068194,2.408056042,1.44957725,3.3,16.99640178,0.8788198,NA,0.315102668,1.193922468,0,0.147682602,0,0.147682602,1,11.3395538,4.420289431,6.161463525,8.153560459,1299880,7.087867477,1,7.087867477,6.161463525,8.153560459
7/1/25,2025,7,2025,NA,17850560,2.40735337,1.45384698,3.3,16.69754544,0.878527957,NA,0.315394511,1.193922468,0,0.109531157,0,0.109531157,1,11.3395538,4.399663313,6.168285442,8.037493435,589589,7.041132987,1,7.041132987,6.168285442,8.037493435
8/1/25,2025,8,2025,NA,5248736,2.412986253,1.45811672,3.3,15.47349784,0.88086509,NA,0.313057379,1.193922468,0,0.03220628,0,0.03220628,1,11.3395538,4.464665037,6.245426062,8.018492234,317678,7.076644712,1,7.076644712,6.245426062,8.018492234
9/1/25,2025,9,2025,NA,2406014,2.436503249,1.46238645,3.3,14.69348199,0.890563917,NA,0.303358552,1.193922468,0,0.014763318,0,0.014763318,1,11.3395538,4.608907998,6.339401886,8.131655047,369921,7.179820983,1,7.179820983,6.339401886,8.131655047
10/1/25,2025,10,2025,NA,1832792,2.402621041,1.46665619,3.3,14.42135105,0.876560242,NA,0.317362227,1.193922468,0,0.011246024,0,0.011246024,1,11.3395538,4.560601486,6.399984089,8.227843225,173248,7.256587747,1,7.256587747,6.399984089,8.227843225
11/1/25,2025,11,2025,NA,1776956,2.36186659,1.47107543,3.3,14.39041235,0.859452235,NA,0.334470234,1.193922468,0,0.010903414,0,0.010903414,1,11.3395538,5.863985242,6.426687469,8.291418786,196780,7.29975049,1,7.29975049,6.426687469,8.291418786
12/1/25,2025,12,2025,NA,1442957,2.317904053,1.4237,3.3,14.18220504,0.840663352,NA,0.353259117,1.193922468,0,0,0,1,1,11.3395538,5.648776305,6.390007325,8.222636343,542005,7.2486348,1,7.2486348,6.390007325,8.222636343
NA/1/25,2025,NA,NA,NA,NA,NA,NA,NA,NA,NA,NA,NA,NA,NA,NA,NA,NA,1,NA,NA,NA,NA,NA,NA,1,NA,NA,NA
NA/1/25,2025,NA,NA,NA,NA,NA,NA,NA,NA,NA,NA,NA,NA,NA,NA,NA,NA,1,NA,NA,NA,NA,NA,NA,1,NA,NA,NA
NA/1/25,2025,NA,NA,NA,NA,NA,NA,NA,NA,NA,NA,NA,NA,NA,NA,NA,NA,1,NA,NA,NA,NA,NA,NA,1,NA,NA,NA
NA/1/25,2025,NA,NA,NA,NA,NA,NA,NA,NA,NA,NA,NA,NA,NA,NA,NA,NA,1,NA,NA,NA,NA,NA,NA,1,NA,NA,NA
NA/1/25,2025,NA,NA,NA,NA,NA,NA,NA,NA,NA,NA,NA,NA,NA,NA,NA,NA,1,NA,NA,NA,NA,NA,NA,1,NA,NA,NA
NA/1/25,2025,NA,NA,NA,NA,NA,NA,NA,NA,NA,NA,NA,NA,NA,NA,NA,NA,1,NA,NA,NA,NA,NA,NA,1,NA,NA,NA
NA/1/25,2025,NA,NA,NA,NA,NA,NA,NA,NA,NA,NA,NA,NA,NA,NA,NA,NA,1,NA,NA,NA,NA,NA,NA,1,NA,NA,NA
NA/1/25,2025,NA,NA,NA,NA,NA,NA,NA,NA,NA,NA,NA,NA,NA,NA,NA,NA,1,NA,NA,NA,NA,NA,NA,1,NA,NA,NA
NA/1/25,2025,NA,NA,NA,NA,NA,NA,NA,NA,NA,NA,NA,NA,NA,NA,NA,NA,1,NA,NA,NA,NA,NA,NA,1,NA,NA,NA
NA/1/25,2025,NA,NA,NA,NA,NA,NA,NA,NA,NA,NA,NA,NA,NA,NA,NA,NA,1,NA,NA,NA,NA,NA,NA,1,NA,NA,NA
NA,NA,NA,NA,NA,NA,NA,NA,NA,NA,NA,NA,NA,NA,NA,NA,NA,NA,NA,NA,NA,NA,NA,NA,NA,NA,NA,NA,NA
NA,NA,NA,NA,NA,NA,NA,NA,NA,NA,NA,NA,NA,NA,NA,NA,NA,NA,NA,NA,NA,NA,NA,NA,NA,NA,NA,NA,NA
NA,NA,NA,NA,NA,NA,NA,NA,NA,NA,NA,NA,NA,NA,NA,NA,NA,NA,NA,NA,NA,NA,NA,NA,NA,NA,NA,NA,NA
NA,NA,NA,NA,NA,NA,NA,NA,NA,NA,NA,NA,NA,NA,NA,NA,NA,NA,NA,NA,NA,NA,NA,NA,NA,NA,NA,NA,NA
NA,NA,NA,NA,NA,NA,NA,NA,NA,NA,NA,NA,NA,NA,NA,NA,NA,NA,NA,NA,NA,NA,NA,NA,NA,NA,NA,NA,NA
NA,NA,NA,NA,NA,NA,NA,NA,NA,NA,NA,NA,NA,NA,NA,NA,NA,NA,NA,NA,NA,NA,NA,NA,NA,NA,NA,NA,NA
NA,NA,NA,NA,NA,NA,NA,NA,NA,NA,NA,NA,NA,NA,NA,NA,NA,NA,NA,NA,NA,NA,NA,NA,NA,NA,NA,NA,NA
NA,NA,NA,NA,NA,NA,NA,NA,NA,NA,NA,NA,NA,NA,NA,NA,NA,NA,NA,NA,NA,NA,NA,NA,NA,NA,NA,NA,NA
NA,NA,NA,NA,NA,NA,NA,NA,NA,NA,NA,NA,NA,NA,NA,NA,NA,NA,NA,NA,NA,NA,NA,NA,NA,NA,NA,NA,NA
NA,NA,NA,NA,NA,NA,NA,NA,NA,NA,NA,NA,NA,NA,NA,NA,NA,NA,NA,NA,NA,NA,NA,NA,NA,NA,NA,NA,NA