Dateyyymm,Year,Month,Pack_Year,UBNL58_lb,CAUS_Total,USD_Cost,CADUSDEXCH,Dock_Cost_CAD,log_CAUS_Total,log_USD_Cost,log_UBNL58_lb,log_CADUSDEXCH,log_Dock_Cost_CAD,Market_Shock_Factor,Season_Factor_1,Pandemic_Shock,Extra_Demand_Factor,Tariff_Shock,Tariff_Amt,Predicted_Price_Tariff_Adjusted,Lower_CI,Upper_CI,Non_Canada_Imports_Lbs,Predicted_Price
4/1/12,2012,4,2012,5.4,16196837,3.068971595,0.9928,1.95,16.82429227,1.10689043,1.686398954,-0.007226045,0.667829373,0,0,0,1,0,0,4.720442562,4.414284527,4.931718429,333421,4.665834154
5/1/12,2012,5,2012,4.72,27095991,3.020296392,1.0088,1.95,17.73114434,1.122877981,1.5518088,0.008761506,0.667829373,0,0,0,1,0,0,4.584590299,4.279864279,4.817109458,527701,4.540547841
6/1/12,2012,6,2012,4.75,15045306,2.965617092,1.0274,1.95,17.28570638,1.141147814,1.558144618,0.027031339,0.667829373,0,0.029035924,0,0.029035924,0,0,4.761464903,4.529974121,4.96849694,639831,4.74417143
7/1/12,2012,7,2012,4.72,12220955,3.004215145,1.0142,1.95,16.73709148,1.1282166,1.5518088,0.014100124,0.667829373,0,0.023585211,0,0.023585211,0,0,4.839962792,4.5956991,5.03833073,1436200,4.811928096
8/1/12,2012,8,2012,4.65,4860923,3.068971595,0.9928,1.95,15.63891339,1.10689043,1.53686722,-0.007226045,0.667829373,0,0.009381091,0,0.009381091,0,0,4.993446242,4.712353047,5.19078304,1810215,4.945786315
9/1/12,2012,9,2012,4.74,1928095,3.113822177,0.9785,1.95,14.94416438,1.092381983,1.556037136,-0.021734492,0.667829373,0,0.003721029,0,0.003721029,0,0,5.097164506,4.781122034,5.30536938,1087768,5.036429136
10/1/12,2012,10,2012,4.93,688726,3.091391031,0.9856,1.95,14.40513331,1.099611789,1.595338988,-0.014504686,0.667829373,0,0.001329172,0,0.001329172,0,0,5.180730217,4.872063209,5.399008209,1538947,5.128772686
11/1/12,2012,11,2012,5.04,385607,3.057269717,0.9966,1.95,14.35295202,1.110710682,1.617406082,-0.003405793,0.667829373,0,0.000744183,0,0.000744183,0,0,5.187163054,4.899653512,5.405517952,900505,5.146373968
12/1/12,2012,12,2012,5.01,262729,3.078895513,0.9896,1.95,13.87308583,1.103662017,1.611435915,-0.010454458,0.667829373,0,0,0,1,0,0,5.183415277,4.885367066,5.405143006,1541842,5.138687345
1/1/13,2013,1,2012,5.04,239975,3.070517989,0.9923,1.95,13.24813222,1.106386677,1.617406082,-0.007729798,0.667829373,0,0,0,1,0,0,5.286753795,4.98062003,5.529556881,1326575,5.247915944
2/1/13,2013,2,2012,5.26,165356,3.017604239,1.0097,1.95,13.27940815,1.123769732,1.660131027,0.009653257,0.667829373,0,0,0,1,0,0,5.278785601,5.006482019,5.520955174,1304540,5.257429296
3/1/13,2013,3,2012,5.3,197907,2.974011713,1.0245,1.95,12.52451183,1.138321164,1.667706821,0.024204689,0.667829373,0,0,0,1,0,0,5.403128169,5.131774489,5.684683318,761455,5.401158471
4/1/13,2013,4,2013,5.3,6689120,3.067033075,1.0189,2,15.82059338,1.158157897,1.667706821,0.018723614,0.693147181,0,0,0,1,0,0,4.957157592,4.708542367,5.149555989,745000,4.924114392
5/1/13,2013,5,2013,4.61,38245061,2.803308824,1.02,1.83,17.84371274,1.070405697,1.528227857,0.019802627,0.604315967,0,0,0,1,0,0,4.363130332,4.08474632,4.621629835,641592,4.344903389
6/1/13,2013,6,2013,4.69,28006306,2.772055259,1.0315,1.83,17.60273825,1.081617123,1.545432582,0.031014054,0.604315967,0,0.076021035,0,0.076021035,0,0,4.567044957,4.343279036,4.838546104,1551837,4.584229037
7/1/13,2013,7,2013,4.91,16174650,2.749134699,1.0401,1.83,16.87452721,1.089919932,1.591273942,0.039316862,0.604315967,0,0.043904885,0,0.043904885,0,0,4.626646148,4.439091947,4.861378744,2895856,4.645439401
8/1/13,2013,8,2013,5.16,3847464,2.74887041,1.0402,1.83,15.40638625,1.090016072,1.640936579,0.039413002,0.604315967,0,0.010443655,0,0.010443655,0,0,4.798595008,4.6148289,5.024560558,4814644,4.815338749
9/1/13,2013,9,2013,5.2,1447734,2.765085582,1.0341,1.83,14.70864402,1.084134553,1.648658626,0.033531483,0.604315967,0,0.003929766,0,0.003929766,0,0,4.898035033,4.697017592,5.135018208,1456267,4.91113743
10/1/13,2013,10,2013,5.2,426068,2.758683068,1.0365,1.83,13.83605017,1.086452722,1.648658626,0.035849653,0.604315967,0,0.00115653,0,0.00115653,0,0,5.030456655,4.819004201,5.293487902,950852,5.050677226
11/1/13,2013,11,2013,5.24,443396,2.726590064,1.0487,1.83,14.1808798,1.098154371,1.656321498,0.047551302,0.604315967,0,0.001203565,0,0.001203565,0,0,4.972079763,4.788188351,5.22504442,1371047,5.00184934
12/1/13,2013,12,2013,5.25,301871,2.688140453,1.0637,1.83,14.23709308,1.112356466,1.658228077,0.061753396,0.604315967,0,0,0,1,0,0,4.878036902,4.730691534,5.118583692,749403,4.92081706
1/1/14,2014,1,2013,5.36,197358,2.612971763,1.0943,1.83,13.11802799,1.140717959,1.678963975,0.090114889,0.604315967,0,0,0,1,0,0,5.040316622,4.914148887,5.334328623,682488,5.119930182
2/1/14,2014,2,2013,5.4,106030,2.587435526,1.1051,1.83,11.65020607,1.150538898,1.686398954,0.099935829,0.604315967,0,0,0,1,0,0,5.274328637,5.104276642,5.665157742,665797,5.377409444
3/1/14,2014,3,2013,5.4,90832,2.573926546,1.1109,1.83,12.37602637,1.155773567,1.686398954,0.105170498,0.604315967,0,0,0,1,0,0,5.151177997,5.018469379,5.497365767,381429,5.252462448
4/1/14,2014,4,2014,5.4,4679550,3.27031577,1.0989,2.3,15.53093905,1.373505905,1.686398954,0.094309679,0.832909123,0,0,0,1,0,0,5.485781649,5.259533013,5.702855184,693255,5.476710245
5/1/14,2014,5,2014,5.1,23518882,3.300348976,1.0889,2.3,17.47955112,1.364364238,1.62924054,0.085168012,0.832909123,0,0,0,1,0,0,5.162513649,4.879695049,5.405180935,496210,5.135721434
6/1/14,2014,6,2014,5.11,30413015,3.319248176,1.0827,2.3,17.72304836,1.358654147,1.631199404,0.079457921,0.832909123,0,0.015594046,0,0.015594046,0,0,5.232151878,4.971225758,5.449783877,632249,5.205007779
7/1/14,2014,7,2014,5.22,18333321,3.347070876,1.0737,2.3,17.12415816,1.350306853,1.652497402,0.071110627,0.832909123,0,0.009400273,0,0.009400273,0,0,5.326735533,5.070988774,5.528484671,1478586,5.294797796
8/1/14,2014,8,2014,5.25,6037994,3.29037722,1.0922,2.3,16.02503298,1.367390236,1.658228077,0.088194011,0.832909123,0,0.003095936,0,0.003095936,0,0,5.495733614,5.270826385,5.697256739,2101494,5.479895177
9/1/14,2014,9,2014,5.25,1721268,3.263485289,1.1012,2.3,14.85706455,1.37559672,1.658228077,0.096400494,0.832909123,0,0.000882567,0,0.000882567,0,0,5.693912795,5.473573905,5.916341293,1684798,5.690652978
10/1/14,2014,10,2014,5.25,486513,3.204128031,1.1216,2.3,14.07495981,1.393952463,1.658228077,0.114756237,0.832909123,0,0.000249456,0,0.000249456,0,0,5.822410927,5.601418037,6.083808702,2203275,5.837632722
11/1/14,2014,11,2014,5.25,369553,3.171888791,1.133,2.3,13.41484342,1.404065208,1.658228077,0.124868982,0.832909123,0,0.000189486,0,0.000189486,0,0,5.937099693,5.701801681,6.239555388,1651923,5.964621312
12/1/14,2014,12,2014,5.25,406663,3.114707922,1.1538,2.3,13.75185272,1.422257068,1.658228077,0.143060843,0.832909123,0,0,0,1,0,0,5.765419472,5.571268026,6.042906193,1254727,5.802296964
1/1/15,2015,1,2014,5.25,571873,2.965384933,1.2119,2.3,13.98837504,1.471385602,1.658228077,0.192189376,0.832909123,0,0,0,1,0,0,5.670803585,5.523473767,5.954902813,1365558,5.735132908
2/1/15,2015,2,2014,5.21,336312,2.875230018,1.2499,2.3,13.52809245,1.502259774,1.650579856,0.223063548,0.832909123,0,0,0,1,0,0,5.714212888,5.578682675,6.027726908,699785,5.79885986
3/1/15,2015,3,2014,5.14,401861,2.848565314,1.2616,2.3,13.55264207,1.511576982,1.637053079,0.232380757,0.832909123,0,0,0,1,0,0,5.696671568,5.567560404,6.011994747,1301401,5.785511551
4/1/15,2015,4,2015,4.98,1959885,3.101454266,1.2343,2.45,14.68522821,1.552879135,1.605429891,0.210504008,0.896088025,0,0,0,1,0,0,5.770672255,5.608562651,6.019309737,1452713,5.810307718
5/1/15,2015,5,2015,4.78,14287587,3.14399228,1.2176,2.45,16.91158171,1.539256835,1.564440547,0.196881708,0.896088025,0,0,0,1,0,0,5.39391617,5.17646294,5.655748612,783916,5.41080152
6/1/15,2015,6,2015,4.89,40660646,3.097689756,1.2358,2.45,17.94725077,1.554093661,1.587192303,0.211718534,0.896088025,0,0.034531521,0,0.034531521,0,0,5.340767467,5.1429601,5.605767193,1424578,5.369379573
7/1/15,2015,7,2015,4.95,18491781,2.974687233,1.2869,2.45,17.15468373,1.594611353,1.599387577,0.252236226,0.896088025,0,0.015704358,0,0.015704358,0,0,5.3906624,5.218694358,5.652885419,1952918,5.431452959
8/1/15,2015,8,2015,4.92,5602594,2.912228984,1.3145,2.45,15.94369321,1.615831492,1.593308531,0.273456365,0.896088025,0,0.004758067,0,0.004758067,0,0,5.549536812,5.395318743,5.815669921,2988794,5.601552725
9/1/15,2015,9,2015,4.9,1579360,2.886754393,1.3261,2.45,15.02794278,1.624617431,1.589235205,0.282242304,0.896088025,0,0.00134129,0,0.00134129,0,0,5.691957111,5.539317037,5.974151371,1657714,5.752627093
10/1/15,2015,10,2015,4.95,1890310,2.928940321,1.307,2.45,14.77803505,1.610109562,1.599387577,0.267734435,0.896088025,0,0.001605368,0,0.001605368,0,0,5.762530133,5.611605529,6.040067521,1527434,5.82189628
11/1/15,2015,11,2015,5.06,749831,2.883709981,1.3275,2.45,14.27502436,1.625672601,1.621366483,0.283297474,0.896088025,0,0.000636803,0,0.000636803,0,0,5.826237457,5.666040025,6.130553171,1848668,5.893722054
12/1/15,2015,12,2015,5.17,696312,2.791602859,1.3713,2.45,13.96969752,1.658134322,1.642872689,0.315759195,0.896088025,0,0,0,1,0,0,5.728212601,5.581367703,6.034893046,1708454,5.80370202
1/1/16,2016,1,2015,5.34,344780,2.690368262,1.4229,2.45,13.62469987,1.69507217,1.675225653,0.352697043,0.896088025,0,0,0,1,0,0,5.713262695,5.524138654,6.080237982,1501865,5.795522208
2/1/16,2016,2,2015,5.62,317312,2.775009061,1.3795,2.45,13.15321455,1.664096242,1.726331664,0.321721115,0.896088025,0,0,0,1,0,0,5.866115447,5.699800693,6.211892743,2150084,5.950340373
3/1/16,2016,3,2015,5.62,185028,2.897460642,1.3212,2.45,12.73249501,1.620915542,1.726331664,0.278540415,0.896088025,0,0,0,1,0,0,6.029312325,5.857859631,6.371908016,2094783,6.109479744
4/1/16,2016,4,2016,5.8,9561392,3.657252087,1.2817,3,16.18546267,1.793086713,1.757857918,0.248187322,1.098612289,0,0,0,1,0,0,6.24392539,5.983802895,6.408378119,1428301,6.192452789
5/1/16,2016,5,2016,5.89,31139395,3.620529852,1.2947,3,17.66038306,1.803178399,1.773255998,0.258279008,1.098612289,0,0,0,1,0,0,5.942430663,5.617233184,6.159394214,1471355,5.882070518
6/1/16,2016,6,2016,6.47,18656961,3.636822096,1.2889,3,17.32920646,1.798688533,1.867176109,0.253789141,1.098612289,0,0.156334196,0,0.156334196,0,0,6.401289202,5.953716392,6.900606035,2109987,6.40969978
7/1/16,2016,7,2016,6.66,15301476,3.592779949,1.3047,3,16.81961796,1.810872521,1.896119485,0.265973129,1.098612289,0,0.128217234,0,0.128217234,0,0,6.428880329,6.053503513,6.823932153,3634209,6.427184241
8/1/16,2016,8,2016,6.85,5456859,3.60687904,1.2996,3,15.87977247,1.806955916,1.924248652,0.262056525,1.098612289,0,0.045725221,0,0.045725221,0,0,6.468923566,6.245456709,6.634848822,3279866,6.437209107
9/1/16,2016,9,2016,7.12,1302209,3.576879054,1.3105,3,14.92496717,1.815308135,1.962907725,0.270408744,1.098612289,0,0.010911734,0,0.010911734,0,0,6.582606101,6.345133167,6.742282813,2926339,6.540694329
10/1/16,2016,10,2016,7.54,425071,3.538537027,1.3247,3,14.37170909,1.82608541,2.020222182,0.281186019,1.098612289,0,0.003561841,0,0.003561841,0,0,6.662764683,6.39916852,6.847734073,2008402,6.619652884
11/1/16,2016,11,2016,7.93,190887,3.486944878,1.3443,3,13.99154908,1.840772823,2.070653036,0.295873431,1.098612289,0,0.001599519,0,0.001599519,0,0,6.708572429,6.416390213,6.921990193,2059274,6.664397206
12/1/16,2016,12,2016,7.95,262797,3.512814748,1.3344,3,13.46430207,1.833381144,2.073171929,0.288481753,1.098612289,0,0,0,1,0,0,6.726760515,6.465715304,6.917960876,1762505,6.68801656
1/1/17,2017,1,2016,7.95,234243,3.552751251,1.3194,3,13.27405733,1.822076479,2.073171929,0.277177088,1.098612289,0,0,0,1,0,0,6.790953943,6.526302065,6.992701303,3079393,6.755477848
2/1/17,2017,2,2016,7.95,233831,3.575514874,1.311,3,13.39224394,1.815689596,2.073171929,0.270790205,1.098612289,0,0,0,1,0,0,6.778425295,6.51918592,6.974556848,1621563,6.743028459
3/1/17,2017,3,2016,7.95,271598,3.502054539,1.3385,3,13.13434135,1.836448975,2.073171929,0.291549584,1.098612289,0,0,0,1,0,0,6.790874566,6.513749872,7.002788115,1377553,6.753844104
4/1/17,2017,4,2017,7.95,5799183,5.10484111,1.3437,4.39,15.75684353,2.221043333,2.073171929,0.295427003,1.479329227,0,0,0,1,0,0,7.896928332,7.420902449,7.999319511,849962,7.704684922
5/1/17,2017,5,2017,7.18,25144413,5.040322581,1.3609,4.39,17.54642793,2.233762575,1.971299383,0.308146246,1.479329227,0,0,0,1,0,0,7.430557865,6.831394527,7.626682174,505271,7.218093575
6/1/17,2017,6,2017,7.41,22244357,5.160140676,1.3293,4.39,17.57832402,2.210268818,2.002830439,0.284652488,1.479329227,0,0.058691067,0,0.058691067,0,0,7.733748181,7.274821948,7.883640346,1294119,7.573115595
7/1/17,2017,7,2017,7.88,18823113,5.40874862,1.2682,4.39,17.25912882,2.163214902,2.064327904,0.237598572,1.479329227,0,0.049664218,0,0.049664218,0,0,7.89567909,7.490445816,8.087549283,1906963,7.783273713
8/1/17,2017,8,2017,8.1,4721188,5.440925676,1.2607,4.39,15.86366704,2.157283452,2.091864062,0.231667122,1.479329227,0,0.012456713,0,0.012456713,0,0,8.173484354,7.784081706,8.336959095,3097967,8.055778719
9/1/17,2017,9,2017,8.1,1563363,5.580811163,1.2291,4.39,14.96080285,2.131898524,2.091864062,0.206282194,1.479329227,0,0.004124886,0,0.004124886,0,0,8.440371612,7.974432367,8.741060514,2328941,8.348951784
10/1/17,2017,10,2017,8.1,466674,5.442220724,1.2604,4.39,14.43606769,2.157045461,2.091864062,0.231429131,1.479329227,0,0.001231305,0,0.001231305,0,0,8.523451311,8.092414636,8.737729613,1843531,8.408884052
11/1/17,2017,11,2017,8.1,744945,5.373580102,1.2765,4.39,14.48645712,2.169738287,2.091864062,0.244121958,1.479329227,0,0.001965515,0,0.001965515,0,0,8.483972477,8.071741009,8.649734203,1548361,8.355741396
12/1/17,2017,12,2017,8.1,829864,5.374422158,1.2763,4.39,14.59129615,2.169581597,2.091864062,0.243965267,1.479329227,0,0,0,1,0,0,8.318202947,7.924590897,8.466385997,1102813,8.191010035
1/1/18,2018,1,2017,8.1,256111,5.519735254,1.2427,4.39,13.57127487,2.142902762,2.091864062,0.217286432,1.479329227,0,0,0,1,0,0,8.648795421,8.158436985,8.974049944,1704620,8.556530896
2/1/18,2018,2,2017,8.1,203302,5.450870153,1.2584,4.39,13.37588714,2.155457402,2.091864062,0.229841073,1.479329227,0,0,0,1,0,0,8.676086803,8.203323513,8.957495643,1290636,8.572119611
3/1/18,2018,3,2017,7.97,167603,5.303777159,1.2933,4.39,13.72945908,2.182813421,2.075684493,0.257197091,1.479329227,0,0,0,1,0,0,8.517816478,8.100627879,8.670672522,2065360,8.380804947
4/1/18,2018,4,2018,7.95,3868945,5.89020655,1.2733,4.8,15.43186112,2.256514976,2.073171929,0.241611956,1.568615918,0,0,0,1,0,0,8.524159921,8.121351978,8.708813906,1628750,8.409954997
5/1/18,2018,5,2018,8.84,20963522,5.831130462,1.2862,4.8,17.41740324,2.266595155,2.179286877,0.251692135,1.568615918,0,0,0,1,0,0,7.982990742,7.514096799,8.187734085,1880624,7.843687046
6/1/18,2018,6,2018,9.1,17602119,5.71297989,1.3128,4.8,17.26371308,2.287065281,2.208274414,0.272162261,1.568615918,0,-0.004817421,0,-0.004817421,0,0,8.091366395,7.599304643,8.253317248,2350703,7.919562619
7/1/18,2018,7,2018,9.07,12569922,5.71123972,1.3132,4.8,16.61789828,2.287369927,2.204972264,0.272466907,1.568615918,0,-0.003440189,0,-0.003440189,0,0,8.261273843,7.799650812,8.396492486,3890598,8.09257125
8/1/18,2018,8,2018,8.81,2896245,5.751533742,1.304,4.8,15.43182875,2.280339484,2.17588744,0.265436464,1.568615918,0,-0.000792656,0,-0.000792656,0,0,8.601994851,8.186155214,8.724257939,3300063,8.450924779
9/1/18,2018,9,2018,8.75,1684758,5.753298558,1.3036,4.8,14.87441932,2.280032689,2.1690537,0.265129668,1.568615918,0,-0.000461092,0,-0.000461092,0,0,8.756881927,8.332483084,8.895971633,2812587,8.609618641
10/1/18,2018,10,2018,8.75,1340910,5.765682657,1.3008,4.8,14.81933953,2.27788248,2.1690537,0.26297946,1.568615918,0,-0.000366986,0,-0.000366986,0,0,8.77781906,8.355939143,8.921648182,2672305,8.634161758
11/1/18,2018,11,2018,8.75,1105843,5.679236711,1.3206,4.8,14.63553529,2.292989199,2.1690537,0.278086179,1.568615918,0,-0.000302652,0,-0.000302652,0,0,8.790223097,8.320350614,8.939695557,1286570,8.624465283
12/1/18,2018,12,2018,8.75,715560,5.579526856,1.3442,4.8,14.56591529,2.310702061,2.1690537,0.295799041,1.568615918,0,0,0,1,0,0,8.624013756,8.109092454,8.771709649,1976887,8.433896165
1/1/19,2019,1,2018,8.56,787624,5.639945857,1.3298,4.8,14.55307215,2.299931576,2.14710019,0.285028555,1.568615918,0,0,0,1,0,0,8.656902076,8.194169637,8.784215723,2181934,8.484064696
2/1/19,2019,2,2018,8.63,376162,5.676657584,1.3212,4.8,14.04794284,2.293443435,2.155244505,0.278540415,1.568615918,0,0,0,1,0,0,8.814018868,8.360239451,8.958163215,2300750,8.654038914
3/1/19,2019,3,2018,8.74,207889,5.61251216,1.3363,4.8,13.14496796,2.304807621,2.16791019,0.289904601,1.568615918,0,0,0,1,0,0,9.038037857,8.494409685,9.250565727,2957449,8.86442864
4/1/19,2019,4,2019,8.64,5597056,5.922454396,1.3376,5.07,15.74363461,2.360504884,2.156402583,0.290876963,1.623340818,0,0,0,1,0,0,8.573695382,8.064182622,8.740060911,1732934,8.395322943
5/1/19,2019,5,2019,8.04,26336306,5.885931347,1.3459,5.07,17.50310008,2.366690854,2.084429083,0.297062934,1.623340818,0,0,0,1,0,0,8.092863264,7.484403259,8.332097189,1905045,7.896883902
6/1/19,2019,6,2019,8.28,19557258,5.961675948,1.3288,5.07,17.34454412,2.3539042,2.113842968,0.284276279,1.623340818,0,0.058187313,0,0.058187313,0,0,8.442861818,7.947175619,8.661006477,1485769,8.296417269
7/1/19,2019,7,2019,8.4,13243775,6.045386905,1.3104,5.07,16.71344465,2.339960354,2.128231706,0.270332434,1.623340818,0,0.039403258,0,0.039403258,0,0,8.601080754,8.181823082,8.771297847,2382566,8.471434777
8/1/19,2019,8,2019,8.43,3871824,5.96841332,1.3273,5.07,15.40308336,2.352774724,2.131796772,0.283146804,1.623340818,0,0.011519561,0,0.011519561,0,0,8.857006633,8.383413541,9.022651518,3099076,8.697161544
9/1/19,2019,9,2019,8.56,1423660,5.981482181,1.3244,5.07,14.7064802,2.350587447,2.14710019,0.280959527,1.623340818,0,0.004235714,0,0.004235714,0,0,9.040973505,8.55514989,9.227190626,2810559,8.884818449
10/1/19,2019,10,2019,8.8,473947,6.004149613,1.3194,5.07,14.16107208,2.346805008,2.174751721,0.277177088,1.623340818,0,0.001410101,0,0.001410101,0,0,9.201300233,8.705845145,9.41539939,3563420,9.053673788
11/1/19,2019,11,2019,8.97,307773,5.986001965,1.3234,5.07,13.75804774,2.349832103,2.193885676,0.280204183,1.623340818,0,0.000915695,0,0.000915695,0,0,9.309627905,8.778476071,9.555388694,2215751,9.158698106
12/1/19,2019,12,2019,9.18,496798,6.013721248,1.3173,5.07,14.32390403,2.345212107,2.217027205,0.275584187,1.623340818,0,0,0,1,0,0,9.010381366,8.565224056,9.178720758,2618924,8.866667911
1/1/20,2020,1,2019,9.26,144626,6.055553432,1.3082,5.07,13.3328447,2.338280067,2.225704049,0.268652147,1.623340818,0,0,1,1,0,0,11.09608343,10.41654475,11.53446293,2006645,10.9612613
2/1/20,2020,2,2019,9.3,173703,5.963920048,1.3283,5.07,12.55779233,2.353527849,2.2300144,0.283899929,1.623340818,0,0,1,1,0,0,11.32005728,10.5534662,11.79727476,2243386,11.15805272
3/1/20,2020,3,2019,9.3,199796,5.682021948,1.3942,5.07,13.51999119,2.401948694,2.2300144,0.332320774,1.623340818,0,0,1,1,0,0,10.80298888,9.760799643,11.33726267,3435711,10.51954131
4/1/20,2020,4,2020,9.3,2217338,3.836743772,1.405,3.45,14.91964491,2.024698636,2.2300144,0.340037303,1.238374231,0,0,1,1,0,0,8.221747775,7.539988319,8.614385297,2443551,8.05930298
5/1/20,2020,5,2020,6.9,23137129,3.858438909,1.3971,3.45,17.22910834,2.019059993,1.931521412,0.33439866,1.238374231,0,0,1,1,0,0,7.657667897,6.942465594,8.080149175,2262090,7.489736821
6/1/20,2020,6,2020,7.82,28740074,3.977440419,1.3553,3.45,17.51997808,1.988684166,2.056684555,0.304022832,1.238374231,0,0.237151232,1,0.237151232,0,0,8.363854513,7.457240978,9.327989012,2947259,8.340327446
7/1/20,2020,7,2020,9.22,17391190,3.992464079,1.3502,3.45,16.98093033,1.984914063,2.221375038,0.30025273,1.238374231,0,0.143504924,1,0.143504924,0,0,8.283075546,7.636150524,8.833427794,6007500,8.21300093
8/1/20,2020,8,2020,9.28,4673690,4.074238531,1.3231,3.45,15.58924929,1.964638802,2.227861547,0.279977468,1.238374231,0,0.038565361,1,0.038565361,0,0,8.442624019,7.915842048,8.779551666,8256848,8.336518712
9/1/20,2020,9,2020,9.58,1035875,4.075778769,1.3226,3.45,14.59573549,1.96426083,2.259677592,0.279599496,1.238374231,0,0.008547613,1,0.008547613,0,0,8.635653965,8.065891891,8.998591632,7208050,8.5194875
10/1/20,2020,10,2020,9.77,506121,4.079480097,1.3214,3.45,14.2999421,1.963353114,2.279316466,0.278691781,1.238374231,0,0.004176302,1,0.004176302,0,0,8.707954045,8.126837267,9.083403267,4728571,8.591818212
11/1/20,2020,11,2020,9.9,343834,4.123479691,1.3073,3.45,14.0179035,1.952625275,2.292534757,0.267963942,1.238374231,0,0.002837176,1,0.002837176,0,0,8.810553304,8.227704191,9.203252642,4021354,8.70181822
12/1/20,2020,12,2020,9.9,223489,4.206824567,1.2814,3.45,13.29669812,1.932614564,2.292534757,0.24795323,1.238374231,0,0,1,1,0,0,8.914448497,8.345681065,9.325681076,2527265,8.822083653
1/1/21,2021,1,2020,9.9,71967,4.234583661,1.273,3.45,13.24008597,1.926037653,2.292534757,0.24137632,1.238374231,0,0,1,1,0,0,8.946014551,8.369604481,9.37321201,2113419,8.857204821
2/1/21,2021,2,2020,9.9,191390,4.243918281,1.2702,3.45,13.29669308,1.923835702,2.292534757,0.239174368,1.238374231,0,0,1,1,0,0,8.935100197,8.358492202,9.363719061,2381766,8.846839704
3/1/21,2021,3,2020,9.9,615632,4.286779324,1.2575,3.45,13.92493431,1.913786957,2.292534757,0.229125623,1.238374231,0,0,1,1,0,0,8.781361107,8.210677821,9.202410241,5097557,8.692411959
4/1/21,2021,4,2021,9.9,20312724,9.432972173,1.2506,7.55,17.11116393,2.691458102,2.292534757,0.223623436,2.021547563,1.2,0,1,1,0,0,14.74666523,14.01098497,16.09266976,4063868,15.01579682
5/1/21,2021,5,2021,13.11,26614604,9.726172809,1.2129,7.55,17.52162862,2.660848852,2.573375298,0.193014186,2.021547563,1.2,0,1,1,0,0,14.65720369,13.90369991,16.29319283,1995725,15.05110174
6/1/21,2021,6,2021,14.88,18490359,9.657695456,1.2215,7.55,17.14235634,2.667914278,2.700018029,0.200079612,2.021547563,1.2,0.130884435,1,0.130884435,0,0,15.64993495,14.92405161,17.57372121,4467402,16.19478689
7/1/21,2021,7,2021,16.24,12491323,9.414152901,1.2531,7.55,16.62664645,2.693455147,2.787477335,0.225620481,2.021547563,1.2,0.08842012,1,0.08842012,0,0,15.61455387,15.0163598,17.04491201,7129427,15.99851654
8/1/21,2021,8,2021,16.4,4835852,9.364085569,1.2598,7.55,15.58469563,2.698787644,2.797281335,0.230952978,2.021547563,1.2,0.034230691,1,0.034230691,0,0,15.8580726,15.26242514,17.15194687,6896341,16.17962624
9/1/21,2021,9,2021,16.4,1502014,9.311607072,1.2669,7.55,14.79862183,2.704407638,2.797281335,0.236572972,2.021547563,1.2,0.010632041,1,0.010632041,0,0,16.12059618,15.44029029,17.43417527,5351717,16.40697191
10/1/21,2021,10,2021,16.56,1109754,9.476924004,1.2448,7.55,14.76242244,2.68680954,2.806990149,0.218974874,2.021547563,1.2,0.007855419,1,0.007855419,0,0,16.19581485,15.57869304,17.62442287,5451093,16.57001732
11/1/21,2021,11,2021,16.79,1226110,9.390921032,1.2562,7.55,14.37197453,2.695925957,2.820783471,0.228091291,2.021547563,1.2,0.008679048,1,0.008679048,0,0,16.36527809,15.71720849,17.75731276,4720002,16.70614818
12/1/21,2021,12,2021,16.8,759392,9.21918959,1.2796,7.55,13.82864098,2.714382195,2.821378886,0.246547529,2.021547563,1.2,0,1,1,0,0,16.26755712,15.53967581,17.54626098,2069959,16.51251668
1/1/22,2022,1,2021,16.8,430600,9.34776149,1.262,7.55,13.93897432,2.70053243,2.821378886,0.232697764,2.021547563,1.2,0,0,1,0,0,13.66031693,12.97696196,14.90481327,875851,13.90752296
2/1/22,2022,2,2021,16.42,253059,9.277190154,1.2716,7.55,13.60992938,2.708110616,2.798500104,0.24027595,2.021547563,1.2,0,0,1,0,0,13.77671213,13.04510534,15.02147053,2163010,13.99845225
3/1/22,2022,3,2021,15.41,715025,9.320435332,1.2657,7.55,13.99720108,2.703459995,2.735016649,0.235625329,2.021547563,1.2,0,0,1,0,0,13.62503084,12.93106646,14.8513709,965972,13.85799639
4/1/22,2022,4,2022,12.07,12212825,7.861401632,1.2621,6.35,16.57233638,2.527518916,2.490723035,0.232777,1.848454813,-1.2,0,0,1,0,0,7.75998577,7.42079691,8.691963895,579344,8.031270063
5/1/22,2022,5,2022,10.41,25744430,7.716499456,1.2858,6.35,17.47370733,2.546123008,2.342766883,0.251381093,1.848454813,-1.2,0,0,1,0,0,7.504868603,7.191645127,8.290210196,1379193,7.72141501
6/1/22,2022,6,2022,8.48,15662883,7.750253867,1.2802,6.35,17.16517932,2.541758231,2.13771045,0.247016316,1.848454813,-1.2,-0.084207922,0,-0.084207922,0,0,7.517019429,7.106576754,8.340742557,824686,7.698969228
7/1/22,2022,7,2022,7.53,12783300,7.658131368,1.2956,6.35,16.68358694,2.553715824,2.018895042,0.258973908,1.848454813,-1.2,-0.0687265,0,-0.0687265,0,0,7.642954059,7.284855264,8.386341974,353792,7.816219513
8/1/22,2022,8,2022,7.05,6296435,7.68422785,1.2912,6.35,15.98769524,2.550313934,1.953027617,0.255572019,1.848454813,-1.2,-0.033851348,0,-0.033851348,0,0,7.902767604,7.614844349,8.65081722,903631,8.116318538
9/1/22,2022,9,2022,7.26,4479156,7.442150465,1.3332,6.35,15.87077172,2.582323983,1.982379829,0.287582067,1.848454813,-1.2,-0.024081162,0,-0.024081162,0,0,7.880690091,7.583752229,8.498532223,431765,8.028123236
10/1/22,2022,10,2022,7.84,3456535,7.233796296,1.3716,6.35,15.67924768,2.610719857,2.059238834,0.315977942,1.848454813,-1.2,-0.018583273,0,-0.018583273,0,0,7.86793269,7.451223497,8.485359446,434558,7.951497323
11/1/22,2022,11,2022,7.9,2169553,7.378504499,1.3447,6.35,15.11533403,2.590912855,2.066862759,0.29617094,1.848454813,-1.2,-0.011664107,0,-0.011664107,0,0,8.079562357,7.760046557,8.717189292,1315907,8.224706362
12/1/22,2022,12,2022,7.77,1662831,7.307855196,1.3577,6.35,14.75517557,2.600534007,2.050270164,0.305792092,1.848454813,-1.2,0,0,1,0,0,8.046362369,7.69009493,8.696989098,825279,8.178060391
1/1/23,2023,1,2022,7.27,2895460,7.387294319,1.3431,6.35,15.06507355,2.58972229,1.983756292,0.294980375,1.848454813,-1.2,0,0,1,0,0,7.995976362,7.68270472,8.646379514,313262,8.150311693
2/1/23,2023,2,2022,6.91,2480032,7.380699993,1.3443,6.35,15.15570313,2.590615347,1.932969638,0.295873431,1.848454813,-1.2,0,0,1,0,0,7.970764422,7.656160104,8.615239869,425034,8.121555009
3/1/23,2023,3,2022,6.07,3502261,7.251242418,1.3683,6.35,15.22775649,2.608311009,1.803358605,0.313569093,1.848454813,-1.2,0,0,1,0,0,7.906003095,7.519544874,8.535674965,2220156,8.011516144
4/1/23,2023,4,2023,5.17,14530441,2.607063404,1.3485,2.25,16.72193555,1.556210182,1.642872689,0.298992864,0.810930216,0,0,0,1,0,0,4.977983715,4.836779662,5.322081569,2595363,5.07363143
5/1/23,2023,5,2023,4.65,18463829,2.599929744,1.3522,2.25,17.13776285,1.558950215,1.53686722,0.301732896,0.810930216,0,0,0,1,0,0,4.908438244,4.750894939,5.264528316,1000417,5.001121967
6/1/23,2023,6,2023,4.97,27468031,2.644122292,1.3296,2.25,17.49000319,1.542095464,1.60341984,0.284878145,0.810930216,0,0.07738311,0,0.07738311,0,0,5.074321397,4.956943635,5.434119852,1067583,5.190050656
7/1/23,2023,7,2023,5.29,27619454,2.65992661,1.3217,2.25,17.43085412,1.536136106,1.665818246,0.278918787,0.810930216,0,0.0778097,0,0.0778097,0,0,5.093767308,4.976516277,5.450656248,1077971,5.2081935
8/1/23,2023,8,2023,5.74,14491632,2.608998145,1.3475,2.25,16.69676308,1.555468343,1.74745921,0.298251024,0.810930216,0,0.040825917,0,0.040825917,0,0,5.125071926,5.027749919,5.457639499,835063,5.238286604
9/1/23,2023,9,2023,5.75,2184439,2.59935305,1.3525,2.25,15.14876062,1.559172051,1.749199855,0.301954732,0.810930216,0,0.006154015,0,0.006154015,0,0,5.320670135,5.211776222,5.670695392,250853,5.436395443
10/1/23,2023,10,2023,5.75,1955859,2.565587827,1.3703,2.25,15.01465995,1.572247013,1.749199855,0.315029694,0.810930216,0,0.005510058,0,0.005510058,0,0,5.31884748,5.203927801,5.686059274,437686,5.439654578
11/1/23,2023,11,2023,5.63,1089692,2.562222141,1.3721,2.25,14.56309857,1.573559732,1.728109442,0.316342413,0.810930216,0,0.003069887,0,0.003069887,0,0,5.389103771,5.2697731,5.769588008,277988,5.514020283
12/1/23,2023,12,2023,5.32,1079542,2.618520036,1.3426,2.25,14.45460854,1.551825351,1.671473303,0.294608033,0.810930216,0,0,0,1,0,0,5.356272521,5.265110456,5.68842846,299046,5.47267797
1/1/24,2024,1,2023,5.4,1624049,2.619885983,1.3419,2.25,14.78093501,1.551303839,1.686398954,0.29408652,0.810930216,0,0,0,1,0,0,5.30207065,5.209469481,5.628533618,310091,5.414949132
2/1/24,2024,2,2023,5.45,1611183,2.605903936,1.3491,2.25,14.70665126,1.556655022,1.695615609,0.299437703,0.810930216,0,0,0,1,0,0,5.305388359,5.212451331,5.637459606,739768,5.420791808
3/1/24,2024,3,2023,5.45,1825878,2.59589825,1.3543,2.25,14.68317391,1.560502035,1.695615609,0.303284716,0.810930216,0,0,0,1,0,0,5.302637592,5.209003548,5.638523109,1912168,5.419509838
4/1/24,2024,4,2024,5.64,18020833,3.431300783,1.3661,3,17.00253945,1.856859356,1.729884066,0.311959965,1.098612289,0,0,0,1,0,0,5.96751474,5.636077816,6.181845193,1866913,5.902657076
5/1/24,2024,5,2024,6.19,35151950,3.428038613,1.3674,3,17.65675928,1.857810518,1.822935087,0.312911126,1.098612289,0,0,0,1,0,0,5.843214001,5.480690644,6.084837536,2673709,5.774869016
6/1/24,2024,6,2024,6.06,24068194,3.420534151,1.3704,3,17.31568176,1.860002059,1.8017098,0.315102668,1.098612289,0,0.147682602,0,0.147682602,0,0,6.267585641,5.845696917,6.706433614,1299880,6.261292063
7/1/24,2024,7,2024,6.05,17850560,3.419536037,1.3708,3,16.89685115,1.860293902,1.800058272,0.315394511,1.098612289,0,0.109531157,0,0.109531157,0,0,6.278573491,5.934499417,6.59994986,589589,6.258386261
8/1/24,2024,8,2024,6.09,5248736,3.427537292,1.3676,3,15.89910932,1.85795677,1.806648082,0.313057379,1.098612289,0,0.03220628,0,0.03220628,0,0,6.337054333,6.066790422,6.522053968,317678,6.290304805
9/1/24,2024,9,2024,6.67,2406014,3.460942115,1.3544,3,15.09910891,1.848257943,1.89761986,0.303358552,1.098612289,0,0.014763318,0,0.014763318,0,0,6.486981113,6.220914072,6.666580283,369921,6.439893097
10/1/24,2024,10,2024,7.46,1832792,3.412813979,1.3735,3,14.84852741,1.862261618,2.009555414,0.317362227,1.098612289,0,0.011246024,0,0.011246024,0,0,6.50090979,6.200877644,6.709957368,173248,6.450397246
11/1/24,2024,11,2024,8.21,1776956,3.354924134,1.3972,3,14.85356678,1.879369625,2.105352923,0.334470234,1.098612289,0,0.010903414,0,0.010903414,1,11.3395538,8.404068776,7.262889532,9.742092678,196780,8.411643296
12/1/24,2024,12,2024,8.38,1442957,3.292477348,1.4237,3,14.85356678,1.898158508,2.125847914,0.353259117,1.098612289,0,0,0,1,1,11.3395538,8.186487018,7.062117166,9.472786228,542005,8.179115247
1/1/25,2025,1,2025,8.62,1461644.1,3.257470466,1.439,3,NA,NA,NA,NA,NA,0,0,0,1,1,NA,,,,,
2/1/25,2025,2,2025,9.11,1450064.7,3.282037689,1.428228571,3,NA,NA,NA,NA,NA,0,0,0,1,1,NA,,,,,