Dateyyymm,Year,Month,Pack_Year,UBNL58_lb,CAUS_Total,USD_Cost,CADUSDEXCH,Dock_Cost_CAD,log_CAUS_Total,log_USD_Cost,log_UBNL58_lb,log_CADUSDEXCH,log_Dock_Cost_CAD,Market_Shock_Factor,Season_Factor_1,Pandemic_Shock,Extra_Demand_Factor,Tariff_Shock,Tariff_Amt,Predicted_Price_Tariff_Adjusted,Lower_CI,Upper_CI,Non_Canada_Imports_Lbs,Predicted_Price,Market_Shock_2025,New_Predicted_Price,New_Lower_CI,New_Upper_CI
4/1/12,2012,4,2012,5.4,16196837,3.068971595,0.9928,1.95,16.60032653,1.12134252,1.686398954,-0.007226045,0.667829373,0,0,0,1,0,0,4.745957106,4.499655013,5.005741282,333421,4.745957106,0,4.704418535,4.467583026,4.953809168
5/1/12,2012,5,2012,4.72,27095991,3.020296392,1.0088,1.95,17.11489634,1.10535497,1.5518088,0.008761506,0.667829373,0,0,0,1,0,0,4.579933404,4.333235362,4.840676361,527701,4.579933404,0,4.606916106,4.366226899,4.860873358
6/1/12,2012,6,2012,4.75,15045306,2.965617092,1.0274,1.95,16.52657661,1.087085136,1.558144618,0.027031339,0.667829373,0,0.029035924,0,0.029035924,0,0,4.693846208,4.484221646,4.913270119,639831,4.693846208,0,4.791327828,4.588309285,5.003329317
7/1/12,2012,7,2012,4.72,12220955,3.004215145,1.0142,1.95,16.31866266,1.100016351,1.5518088,0.014100124,0.667829373,0,0.023585211,0,0.023585211,0,0,4.78830219,4.572105952,5.014721466,1436200,4.78830219,0,4.828585088,4.623607357,5.042650067
8/1/12,2012,8,2012,4.65,4860923,3.068971595,0.9928,1.95,15.3967389,1.12134252,1.53686722,-0.007226045,0.667829373,0,0.009381091,0,0.009381091,0,0,5.033731208,4.801357252,5.277351495,1810215,5.033731208,0,4.971464696,4.760144115,5.192166587
9/1/12,2012,9,2012,4.74,1928095,3.113822177,0.9785,1.95,14.47204303,1.135850967,1.556037136,-0.021734492,0.667829373,0,0.003721029,0,0.003721029,0,0,5.266905317,5.0100457370000004,5.536933807,1087768,5.266905317,0,5.128958765,4.902380101,5.366009462
10/1/12,2012,10,2012,4.93,688726,3.091391031,0.9856,1.95,13.44259879,1.128621161,1.595338988,-0.014504686,0.667829373,0,0.001329172,0,0.001329172,0,0,5.397707288,5.116542165,5.694323047,1538947,5.397707288,0,5.277051131,5.038177934,5.527249931
11/1/12,2012,11,2012,5.04,385607,3.057269717,0.9966,1.95,12.862574,1.117522268,1.617406082,-0.003405793,0.667829373,0,7.44183e-4,0,7.44183e-4,0,0,5.429620696,5.134016038,5.742245581,900505,5.429620696,0,5.352100682,5.105760941,5.610325678
12/1/12,2012,12,2012,5.01,262729,3.078895513,0.9896,1.95,12.47887836,1.124570933,1.611435915,-0.010454458,0.667829373,0,0,0,1,0,0,5.45567449,5.157054424,5.771586198,1541842,5.45567449,0,5.351951352,5.095430724,5.621386066
1/1/13,2013,1,2012,5.04,239975,3.070517989,0.9923,1.95,12.38829003,1.121846273,1.617406082,-0.007729798,0.667829373,0,0,0,1,0,0,5.454562351,5.154445396,5.77215358,1326575,5.454562351,0,5.362231916,5.10539231,5.631992484
2/1/13,2013,2,2012,5.26,165356,3.017604239,1.0097,1.95,12.015856,1.104463218,1.660131027,0.009653257,0.667829373,0,0,0,1,0,0,5.410787143,5.108788205,5.73063833,1304540,5.410787143,0,5.395337424,5.140293775,5.66303546
3/1/13,2013,3,2012,5.3,197907,2.974011713,1.0245,1.95,12.1955525,1.089911786,1.667706821,0.024204689,0.667829373,0,0,0,1,0,0,5.288247031,5.006868638,5.585438462,761455,5.288247031,0,5.343207397,5.103871023,5.593766998
4/1/13,2013,4,2013,5.3,6689120,3.067033075,1.0189,2,15.71599288,1.120710669,1.667706821,0.018723614,0.693147181,0,0,0,1,0,0,4.820204543,4.604346224,5.046182609,745000,4.820204543,0,4.890848963,4.676757753,5.114740777
5/1/13,2013,5,2013,4.61,38245061,2.803308824,1.02,1.83,17.45952499,1.030800442,1.528227857,0.019802627,0.604315967,0,0,0,1,0,0,4.286444195,4.031271033,4.557769421,641592,4.286444195,0,4.329103117,4.072988227,4.60132285
6/1/13,2013,6,2013,4.69,28006306,2.772055259,1.0315,1.83,17.14794026,1.019589016,1.545432582,0.031014054,0.604315967,0,0.076021035,0,0.076021035,0,0,4.467197287,4.223839979,4.72457567,1551837,4.467197287,0,4.564963295,4.320741421,4.822989358
7/1/13,2013,7,2013,4.91,16174650,2.749134699,1.0401,1.83,16.59895576,1.011286207,1.591273942,0.039316862,0.604315967,0,0.043904885,0,0.043904885,0,0,4.452107975,4.236259217,4.678954806,2895856,4.452107975,0,4.57283891,4.352455819,4.804380921
8/1/13,2013,8,2013,5.16,3847464,2.74887041,1.0402,1.83,15.16292479,1.011190067,1.640936579,0.039413002,0.604315967,0,0.010443655,0,0.010443655,0,0,4.609492193,4.392929536,4.836730956,4814644,4.609492193,0,4.714150171,4.500574087,4.937861572
9/1/13,2013,9,2013,5.2,1447734,2.765085582,1.0341,1.83,14.18551013,1.017071586,1.648658626,0.033531483,0.604315967,0,0.003929766,0,0.003929766,0,0,4.780882489,4.545906881,5.028003866,1456267,4.780882489,0,4.852015197,4.633870653,5.080429135
10/1/13,2013,10,2013,5.2,426068,2.758683068,1.0365,1.83,12.96235424,1.014753417,1.648658626,0.035849653,0.604315967,0,0.00115653,0,0.00115653,0,0,4.958840569,4.690282752,5.242775562,950852,4.958840569,0,5.03134568,4.7960134740000004,5.278225236
11/1/13,2013,11,2013,5.24,443396,2.726590064,1.0487,1.83,13.00221855,1.003051768,1.656321498,0.047551302,0.604315967,0,0.001203565,0,0.001203565,0,0,4.886239913,4.626725153,5.160310953,1371047,4.886239913,0,5.013394715,4.780559552,5.257570018
12/1/13,2013,12,2013,5.25,301871,2.688140453,1.0637,1.83,12.61775505,0.988849673,1.658228077,0.061753396,0.604315967,0,0,0,1,0,0,4.789894961,4.54996941,5.042472084,749403,4.789894961,0,4.988351511,4.767390342,5.219553889
1/1/14,2014,1,2013,5.36,197358,2.612971763,1.0943,1.83,12.19277462,0.96048818,1.678963975,0.090114889,0.604315967,0,0,0,1,0,0,4.701757022,4.46326088,4.952997302,682488,4.701757022,0,5.034780299,4.812372135,5.267467259
2/1/14,2014,2,2013,5.4,106030,2.587435526,1.1051,1.83,11.57147735,0.950667241,1.686398954,0.099935829,0.604315967,0,0,0,1,0,0,4.745117619,4.485760142,5.019470614,665797,4.745117619,0,5.127657085,4.891021627,5.375741345
3/1/14,2014,3,2013,5.4,90832,2.573926546,1.1109,1.83,11.41676693,0.945432572,1.686398954,0.105170498,0.604315967,0,0,0,1,0,0,4.740806065,4.477025493,5.020128249,381429,4.740806065,0,5.149977657,4.909944976,5.401744826
4/1/14,2014,4,2014,5.4,4679550,3.27031577,1.0989,2.3,15.35871251,1.184886546,1.686398954,0.094309679,0.832909123,0,0,0,1,0,0,4.881102436,4.707951973,5.060621078,693255,4.881102436,0,5.369546958,5.171842387,5.574809203
5/1/14,2014,5,2014,5.1,23518882,3.300348976,1.0889,2.3,16.97331415,1.194028213,1.62924054,0.085168012,0.832909123,0,0,0,1,0,0,4.680184373,4.472265935,4.89776907,496210,4.680184373,0,5.119388062,4.886449318,5.363431078
6/1/14,2014,6,2014,5.11,30413015,3.319248176,1.0827,2.3,17.2303812,1.199738304,1.631199404,0.079457921,0.832909123,0,0.015594046,0,0.015594046,0,0,4.774919845,4.581562485,4.976437536,632249,4.774919845,0,5.191956283,4.975753125,5.417553758
7/1/14,2014,7,2014,5.22,18333321,3.347070876,1.0737,2.3,16.72423078,1.208085598,1.652497402,0.071110627,0.832909123,0,0.009400273,0,0.009400273,0,0,4.893249459,4.703811205,5.090317026,1478586,4.893249459,0,5.27304091,5.056300373,5.499072126
8/1/14,2014,8,2014,5.25,6037994,3.29037722,1.0922,2.3,15.6135824,1.191002215,1.658228077,0.088194011,0.832909123,0,0.003095936,0,0.003095936,0,0,4.959702678,4.784713147,5.141092035,2101494,4.959702678,0,5.417488064,5.224198442,5.61792919
9/1/14,2014,9,2014,5.25,1721268,3.263485289,1.1012,2.3,14.35857179,1.182795731,1.658228077,0.096400494,0.832909123,0,8.82567e-4,0,8.82567e-4,0,0,5.113395095,4.92653003,5.307348019,1684798,5.113395095,0,5.615499738,5.422723959,5.815128622
10/1/14,2014,10,2014,5.25,486513,3.204128031,1.1216,2.3,13.0950189,1.164439988,1.658228077,0.114756237,0.832909123,0,2.49456e-4,0,2.49456e-4,0,0,5.211891896,4.986968551,5.446959782,2203275,5.211891896,0,5.813487941,5.602441894,6.03248417
11/1/14,2014,11,2014,5.25,369553,3.171888791,1.133,2.3,12.82004945,1.154327244,1.658228077,0.124868982,0.832909123,0,1.89486e-4,0,1.89486e-4,0,0,5.195054483,4.960277219,5.440944103,1651923,5.195054483,0,5.850836009,5.635577438,6.074316674
12/1/14,2014,12,2014,5.25,406663,3.114707922,1.1538,2.3,12.91574011,1.136135383,1.658228077,0.143060843,0.832909123,0,0,0,1,0,0,4.986035915,4.784690591,5.195854083,1254727,4.986035915,0,5.733490413,5.548148794,5.925023559
1/1/15,2015,1,2014,5.25,571873,2.965384933,1.2119,2.3,13.25667222,1.08700685,1.658228077,0.192189376,0.832909123,0,0,0,1,0,0,4.645575881,4.448740703,4.851120061,1365558,4.645575881,0,5.640684326,5.477652479,5.808568505
2/1/15,2015,2,2014,5.21,336312,2.875230018,1.2499,2.3,12.72579458,1.056132677,1.650579856,0.223063548,0.832909123,0,0,0,1,0,0,4.55408754,4.327351629,4.792703506,699785,4.55408754,0,5.727987962,5.5460049830000004,5.915942412
3/1/15,2015,3,2014,5.14,401861,2.848565314,1.2616,2.3,12.90386154,1.046815469,1.637053079,0.232380757,0.832909123,0,0,0,1,0,0,4.47677262,4.249605099,4.716083642,1301401,4.47677262,0,5.696742484,5.516972252,5.882370519
4/1/15,2015,4,2015,4.98,1959885,3.101454266,1.2343,2.45,14.48839636,1.13187112,1.605429891,0.210504008,0.896088025,0,0,0,1,0,0,4.533278203,4.34769777,4.726780092,1452713,4.533278203,0,5.645250378,5.490154973,5.804727186
5/1/15,2015,5,2015,4.78,14287587,3.14399228,1.2176,2.45,16.47490168,1.145493419,1.564440547,0.196881708,0.896088025,0,0,0,1,0,0,4.318262824,4.122084175,4.523778027,783916,4.318262824,0,5.314315719,5.120056787,5.515944986
6/1/15,2015,6,2015,4.89,40660646,3.097689756,1.2358,2.45,17.52077125,1.130656594,1.587192303,0.211718534,0.896088025,0,0.034531521,0,0.034531521,0,0,4.215535982,4.016657302,4.424261838,1424578,4.215535982,0,5.286116956,5.094462763,5.484981198
7/1/15,2015,7,2015,4.95,18491781,2.974687233,1.2869,2.45,16.73283692,1.090138902,1.599387577,0.252236226,0.896088025,0,0.015704358,0,0.015704358,0,0,4.087368658,3.867303968,4.319955887,1952918,4.087368658,0,5.367055952,5.170916856,5.570634839
8/1/15,2015,8,2015,4.92,5602594,2.912228984,1.3145,2.45,15.53874026,1.068918762,1.593308531,0.273456365,0.896088025,0,0.004758067,0,0.004758067,0,0,4.124976978,3.88689107,4.377646496,2988794,4.124976978,0,5.547962902,5.348592792,5.754764582
9/1/15,2015,9,2015,4.9,1579360,2.886754393,1.3261,2.45,14.27253026,1.060132824,1.589235205,0.282242304,0.896088025,0,0.00134129,0,0.00134129,0,0,4.248912652,3.991386185,4.52305487,1657714,4.248912652,0,5.765373513,5.555500049,5.983175493
10/1/15,2015,10,2015,4.95,1890310,2.928940321,1.307,2.45,14.45225139,1.074640692,1.599387577,0.267734435,0.896088025,0,0.001605368,0,0.001605368,0,0,4.300214638,4.057873712,4.557028444,1527434,4.300214638,0,5.728937856,5.532379024,5.932480189
11/1/15,2015,11,2015,5.06,749831,2.883709981,1.3275,2.45,13.52760313,1.059077653,1.621366483,0.283297474,0.896088025,0,6.36803e-4,0,6.36803e-4,0,0,4.347556227,4.075279678,4.638024048,1848668,4.347556227,0,5.898938798,5.674788514,6.131942865
12/1/15,2015,12,2015,5.17,696312,2.791602859,1.3713,2.45,13.45355311,1.026615932,1.642872689,0.315759195,0.896088025,0,0,0,1,0,0,4.121400729,3.835537648,4.42856922,1708454,4.121400729,0,5.851261065,5.618869433,6.093264217
1/1/16,2016,1,2015,5.34,344780,2.690368262,1.4229,2.45,12.75066181,0.989678085,1.675225653,0.352697043,0.896088025,0,0,0,1,0,0,4.031281232,3.691554878,4.402271918,1501865,4.031281232,0,6.024094405,5.718689299,6.345809591
2/1/16,2016,2,2015,5.62,317312,2.775009061,1.3795,2.45,12.6676408,1.020654012,1.726331664,0.321721115,0.896088025,0,0,0,1,0,0,4.198559079,3.890512658,4.530996269,2150084,4.198559079,0,6.001463565,5.742011255,6.272639206
3/1/16,2016,3,2015,5.62,185028,2.897460642,1.3212,2.45,12.12826244,1.063834713,1.726331664,0.278540415,0.896088025,0,0,0,1,0,0,4.506216017,4.222331913,4.809186773,2094783,4.506216017,0,6.071929632,5.83777582,6.3154753789999996
4/1/16,2016,4,2016,5.8,9561392,3.657252087,1.2817,3,16.07324388,1.29671207,1.757857918,0.248187322,1.098612289,0,0,0,1,0,0,4.631813004,4.420934589,4.852750311,1428301,4.631813004,0,6.064478907,5.866707524,6.268917321
5/1/16,2016,5,2016,5.89,31139395,3.620529852,1.2947,3,17.2539843,1.286620383,1.773255998,0.258279008,1.098612289,0,0,0,1,0,0,4.397383419,4.157164981,4.651482686,1471355,4.397383419,0,5.837788072,5.593592164,6.092644687
6/1/16,2016,6,2016,6.47,18656961,3.636822096,1.2889,3,16.74172988,1.29111025,1.867176109,0.253789141,1.098612289,0,0.156334196,0,0.156334196,0,0,4.842285927,4.48446259,5.228660632,2109987,4.842285927,0,6.428255031,5.983783034,6.905742155
7/1/16,2016,7,2016,6.66,15301476,3.592779949,1.3047,3,16.54345985,1.278926262,1.896119485,0.265973129,1.098612289,0,0.128217234,0,0.128217234,0,0,4.747817995,4.44441234,5.071936173,3634209,4.747817995,0,6.381520572,6.021964544,6.762544767
8/1/16,2016,8,2016,6.85,5456859,3.60687904,1.2996,3,15.51238391,1.282842867,1.924248652,0.262056525,1.098612289,0,0.045725221,0,0.045725221,0,0,4.788114418,4.577900078,5.007981671,3279866,4.788114418,0,6.366792526,6.188091146,6.550654493
9/1/16,2016,9,2016,7.12,1302209,3.576879054,1.3105,3,14.07957261,1.274490648,1.962907725,0.270408744,1.098612289,0,0.010911734,0,0.010911734,0,0,4.901496257,4.663186537,5.151984671,2926339,4.901496257,0,6.552821749,6.359976578,6.75151431
10/1/16,2016,10,2016,7.54,425071,3.538537027,1.3247,3,12.96001149,1.263713373,2.020222182,0.281186019,1.098612289,0,0.003561841,0,0.003561841,0,0,5.001113429,4.720853927,5.298010893,2008402,5.001113429,0,6.756344587,6.516800492,7.004693828
11/1/16,2016,11,2016,7.93,190887,3.486944878,1.3443,3,12.15943691,1.24902596,2.070653036,0.295873431,1.098612289,0,0.001599519,0,0.001599519,0,0,5.033935722,4.713788224,5.375826757,2059274,5.033935722,0,6.91329914,6.626495362,7.212516177
12/1/16,2016,12,2016,7.95,262797,3.512814748,1.3344,3,12.47913715,1.256417639,2.073171929,0.288481753,1.098612289,0,0,0,1,0,0,4.947548133,4.67366194,5.237484619,1762505,4.947548133,0,6.749167869,6.523154423,6.983012201
1/1/17,2017,1,2016,7.95,234243,3.552751251,1.3194,3,12.36411432,1.267722304,2.073171929,0.277177088,1.098612289,0,0,0,1,0,0,5.0397298169999996,4.768076595,5.326860029,3079393,5.0397298169999996,0,6.779705856,6.553347424,7.013882908
2/1/17,2017,2,2016,7.95,233831,3.575514874,1.311,3,12.36235391,1.274109186,2.073171929,0.270790205,1.098612289,0,0,0,1,0,0,5.081979659,4.813476984,5.3654598,1621563,5.081979659,0,6.784492021,6.559849416,7.016827532
3/1/17,2017,3,2016,7.95,271598,3.502054539,1.3385,3,12.51207831,1.253349807,2.073171929,0.291549584,1.098612289,0,0,0,1,0,0,4.922542495,4.647880374,5.213435515,1377553,4.922542495,0,6.740854392,6.51458799,6.974979538
4/1/17,2017,4,2017,7.95,5799183,5.10484111,1.3437,4.39,15.5732276,1.630189327,2.073171929,0.295427003,1.479329227,0,0,0,1,0,0,5.514819936,5.30936117,5.728229434,849962,5.514819936,0,7.603394613,7.307667911,7.911088784
5/1/17,2017,5,2017,7.18,25144413,5.040322581,1.3609,4.39,17.04014628,1.617470084,1.971299383,0.308146246,1.479329227,0,0,0,1,0,0,5.160032918,4.909751792,5.423072457,505271,5.160032918,0,7.232510793,6.854614204,7.631240915
6/1/17,2017,6,2017,7.41,22244357,5.160140676,1.3293,4.39,16.91759892,1.640963842,2.002830439,0.284652488,1.479329227,0,0.058691067,0,0.058691067,0,0,5.563206438,5.354852991,5.779666765,1294119,5.563206438,0,7.610725955,7.314521565,7.918925258
7/1/17,2017,7,2017,7.88,18823113,5.40874862,1.2682,4.39,16.75059609,1.688017757,2.064327904,0.237598572,1.479329227,0,0.049664218,0,0.049664218,0,0,5.962527796,5.759544058,6.172665294,1906963,5.962527796,0,7.775055572,7.503071117,8.056899395
8/1/17,2017,8,2017,8.1,4721188,5.440925676,1.2607,4.39,15.36757102,1.693949207,2.091864062,0.231667122,1.479329227,0,0.012456713,0,0.012456713,0,0,6.206864098,6.010717419,6.409411597,3097967,6.206864098,0,8.011973105,7.758101087,8.274152697
9/1/17,2017,9,2017,8.1,1563363,5.580811163,1.2291,4.39,14.26234983,1.719334136,2.091864062,0.206282194,1.479329227,0,0.004124886,0,0.004124886,0,0,6.652513087,6.39727747,6.917931976,2328941,6.652513087,0,8.367054605,7.985324421,8.767033007
10/1/17,2017,10,2017,8.1,466674,5.442220724,1.2604,4.39,13.05338622,1.694187199,2.091864062,0.231429131,1.479329227,0,0.001231305,0,0.001231305,0,0,6.672339568,6.382698437,6.975124353,1843531,6.672339568,0,8.568850806,8.228763967,8.922993105
11/1/17,2017,11,2017,8.1,744945,5.373580102,1.2765,4.39,13.52106567,1.681494372,2.091864062,0.244121958,1.479329227,0,0.001965515,0,0.001965515,0,0,6.454546065,6.200364789,6.719147393,1548361,6.454546065,0,8.398323147,8.116569418,8.689857505
12/1/17,2017,12,2017,8.1,829864,5.374422158,1.2763,4.39,13.62901711,1.681651063,2.091864062,0.243965267,1.479329227,0,0,0,1,0,0,6.327663748,6.107510733,6.55575246,1102813,6.327663748,0,8.248403033,7.987032091,8.518327187
1/1/18,2018,1,2017,8.1,256111,5.519735254,1.2427,4.39,12.45336622,1.708329898,2.091864062,0.217286432,1.479329227,0,0,0,1,0,0,6.831621745,6.517453558,7.160934137,1704620,6.831621745,0,8.664336768,8.246057419,9.103833239
2/1/18,2018,2,2017,8.1,203302,5.450870153,1.2584,4.39,12.22244784,1.695775257,2.091864062,0.229841073,1.479329227,0,0,0,1,0,0,6.761962075,6.449328455,7.089750726,1290636,6.761962075,0,8.673335696,8.291240148,9.073039829
3/1/18,2018,3,2017,7.97,167603,5.303777159,1.2933,4.39,12.02935337,1.668419238,2.075684493,0.257197091,1.479329227,0,0,0,1,0,0,6.544935885,6.243659353,6.860749974,2065360,6.544935885,0,8.617548488,8.290971162,8.956989536
4/1/18,2018,4,2018,7.95,3868945,5.89020655,1.2733,4.8,15.16849242,1.773291065,2.073171929,0.241611956,1.568615918,0,0,0,1,0,0,6.36447161,6.169039876,6.566094512,1628750,6.36447161,0,8.311706753,8.036318213,8.596532307
5/1/18,2018,5,2018,8.84,20963522,5.831130462,1.2862,4.8,16.85829444,1.763210886,2.179286877,0.251692135,1.568615918,0,0,0,1,0,0,5.932645076,5.703110881,6.171417379,1880624,5.932645076,0,7.84596755,7.54207655,8.162103153
6/1/18,2018,6,2018,9.1,17602119,5.71297989,1.3128,4.8,16.68352985,1.74274076,2.208274414,0.272162261,1.568615918,0,-0.004817421,0,-0.004817421,0,0,5.873117371,5.642418535,6.113248679,2350703,5.873117371,0,7.902667298,7.584326164,8.234370342
7/1/18,2018,7,2018,9.07,12569922,5.71123972,1.3132,4.8,16.34681738,1.742436114,2.204972264,0.272466907,1.568615918,0,-0.003440189,0,-0.003440189,0,0,5.938925697,5.719106776,6.167193553,3890598,5.938925697,0,7.989159351,7.684105055,8.306324117
8/1/18,2018,8,2018,8.81,2896245,5.751533742,1.304,4.8,14.87892563,1.749466557,2.17588744,0.265436464,1.568615918,0,-7.92656e-4,0,-7.92656e-4,0,0,6.303221685,6.097321463,6.516074944,3300063,6.303221685,0,8.399240282,8.135613578,8.671409555
9/1/18,2018,9,2018,8.75,1684758,5.753298558,1.3036,4.8,14.33713249,1.749773353,2.1690537,0.265129668,1.568615918,0,-4.61092e-4,0,-4.61092e-4,0,0,6.420240064,6.201533258,6.64665991,2812587,6.420240064,0,8.544129731,8.274116261,8.822954688
10/1/18,2018,10,2018,8.75,1340910,5.765682657,1.3008,4.8,14.10885905,1.751923561,2.1690537,0.26297946,1.568615918,0,-3.66986e-4,0,-3.66986e-4,0,0,6.489181035,6.262466714,6.724102887,2672305,6.489181035,0,8.614279826,8.340511628,8.897034167
11/1/18,2018,11,2018,8.75,1105843,5.679236711,1.3206,4.8,13.9161185,1.736816842,2.1690537,0.278086179,1.568615918,0,-3.02652e-4,0,-3.02652e-4,0,0,6.388181986,6.151615325,6.633846059,1286570,6.388181986,0,8.603731288,8.299036319,8.919612981
12/1/18,2018,12,2018,8.75,715560,5.579526856,1.3442,4.8,13.48082073,1.71910398,2.1690537,0.295799041,1.568615918,0,0,0,1,0,0,6.2163052070000004,5.994635654,6.446171652,1976887,6.2163052070000004,0,8.532998133,8.199691722,8.879853
1/1/19,2019,1,2018,8.56,787624,5.639945857,1.3298,4.8,13.5767761,1.729874466,2.14710019,0.285028555,1.568615918,0,0,0,1,0,0,6.295154839,6.081252495,6.516580996,2181934,6.295154839,0,8.548494901,8.250031574,8.857755806
2/1/19,2019,2,2018,8.63,376162,5.676657584,1.3212,4.8,12.83777518,1.736362606,2.155244505,0.278540415,1.568615918,0,0,0,1,0,0,6.511545183,6.262807612,6.770161771,2300750,6.511545183,0,8.77294263,8.462196714,9.095099651
3/1/19,2019,3,2018,8.74,207889,5.61251216,1.3363,4.8,12.24475956,1.72499842,2.16791019,0.289904601,1.568615918,0,0,0,1,0,0,6.530405255,6.246366904,6.827359558,2957449,6.530405255,0,8.889741757,8.52634109,9.268630902
4/1/19,2019,4,2019,8.64,5597056,5.922454396,1.3376,5.07,15.5377513,1.778750957,2.156402583,0.290876963,1.623340818,0,0,0,1,0,0,6.039547998,5.843172584,6.242523133,1732934,6.039547998,0,8.276907971,7.927619994,8.641585445
5/1/19,2019,5,2019,8.04,26336306,5.885931347,1.3459,5.07,17.086459,1.772564986,2.084429083,0.297062934,1.623340818,0,0,0,1,0,0,5.68711415,5.438299061,5.947313121,1905045,5.68711415,0,7.864984423,7.443969477,8.309811072
6/1/19,2019,6,2019,8.28,19557258,5.961675948,1.3288,5.07,16.78885703,1.785351641,2.113842968,0.284276279,1.623340818,0,0.058187313,0,0.058187313,0,0,6.075716716,5.868946344,6.289771869,1485769,6.075716716,0,8.300738339,7.945314987,8.672061093
7/1/19,2019,7,2019,8.4,13243775,6.045386905,1.3104,5.07,16.39903819,1.7992954860000001,2.128231706,0.270332434,1.623340818,0,0.039403258,0,0.039403258,0,0,6.238896499,6.053724825,6.429732215,2382566,6.238896499,0,8.395052652,8.100922483,8.699862166
8/1/19,2019,8,2019,8.43,3871824,5.96841332,1.3273,5.07,15.16923627,1.786481117,2.131796772,0.283146804,1.623340818,0,0.011519561,0,0.011519561,0,0,6.308968079,6.111974947,6.512310435,3099076,6.308968079,0,8.563351886,8.243746253,8.895348458
9/1/19,2019,9,2019,8.56,1423660,5.981482181,1.3244,5.07,14.16874158,1.788668394,2.14710019,0.280959527,1.623340818,0,0.004235714,0,0.004235714,0,0,6.523614111,6.297565682,6.757776452,2810559,6.523614111,0,8.816005823,8.4886524820000009,9.1559831
10/1/19,2019,10,2019,8.8,473947,6.004149613,1.3194,5.07,13.06885078,1.792450832,2.174751721,0.277177088,1.623340818,0,0.001410101,0,0.001410101,0,0,6.79485769,6.512914623,7.089006028,3563420,6.79485769,0,9.128777717,8.769539249,9.502732154
11/1/19,2019,11,2019,8.97,307773,5.986001965,1.3234,5.07,12.63711778,1.789423738,2.193885676,0.280204183,1.623340818,0,9.15695e-4,0,9.15695e-4,0,0,6.859988153,6.549934157,7.184719165,2215751,6.859988153,0,9.23575421,8.845603771,9.643112901
12/1/19,2019,12,2019,9.18,496798,6.013721248,1.3173,5.07,13.11593878,1.794043733,2.217027205,0.275584187,1.623340818,0,0,0,1,0,0,6.690270848,6.453980275,6.935212399,2618924,6.690270848,0,8.991568454,8.673690355,9.321096322
1/1/20,2020,1,2019,9.26,144626,6.055553432,1.3082,5.07,11.88190638,1.800975774,2.225704049,0.268652147,1.623340818,0,0,1,1,0,0,8.393994407,7.883062411,8.938041897,2006645,8.393994407,0,11.13765846,10.57209249,11.73348002
2/1/20,2020,2,2019,9.3,173703,5.963920048,1.3283,5.07,12.06510222,1.785727991,2.2300144,0.283899929,1.623340818,0,0,1,1,0,0,8.157414048,7.666452425,8.679816982,2243386,8.157414048,0,10.9883198,10.41647607,11.59155661
3/1/20,2020,3,2019,9.3,199796,5.682021948,1.3942,5.07,12.20505212,1.737307146,2.2300144,0.332320774,1.623340818,0,0,1,1,0,0,7.556157584,7.067688656,8.078386048,3435711,7.556157584,0,10.70053857,9.951593908,11.50584788
4/1/20,2020,4,2020,9.3,2217338,3.836743772,1.405,3.45,14.61181794,1.344624031,2.2300144,0.340037303,1.238374231,0,0,1,1,0,0,5.562588954,5.133241388,6.027847424,2443551,5.562588954,0,8.073315311,7.599381784,8.576805584
5/1/20,2020,5,2020,6.9,23137129,3.858438909,1.3971,3.45,16.9569492,1.350262674,1.931521412,0.33439866,1.238374231,0,0,1,1,0,0,5.188920409,4.751082513,5.667107431,2262090,5.188920409,0,7.510156674,6.994112646,8.064275787
6/1/20,2020,6,2020,7.82,28740074,3.977440419,1.3553,3.45,17.17380301,1.380638502,2.056684555,0.304022832,1.238374231,0,0.237151232,1,0.237151232,0,0,5.953668255,5.291172377,6.699113763,2947259,5.953668255,0,8.390661462,7.515865689,9.367277529
7/1/20,2020,7,2020,9.22,17391190,3.992464079,1.3502,3.45,16.67147431,1.384408604,2.221375038,0.30025273,1.238374231,0,0.143504924,1,0.143504924,0,0,5.876332117,5.404661521,6.389165912,6007500,5.876332117,0,8.197309727,7.630754443,8.805929645
8/1/20,2020,8,2020,9.28,4673690,4.074238531,1.3231,3.45,15.35745947,1.404683866,2.227861547,0.279977468,1.238374231,0,0.038565361,1,0.038565361,0,0,6.065490281,5.667041272,6.491954193,8256848,6.065490281,0,8.198807776,7.785215867,8.634371877
9/1/20,2020,9,2020,9.58,1035875,4.075778769,1.3226,3.45,13.85075704,1.405061837,2.259677592,0.279599496,1.238374231,0,0.008547613,1,0.008547613,0,0,6.30646519,5.870764249,6.774501837,7208050,6.30646519,0,8.483849068,8.036992784,8.955550532
10/1/20,2020,10,2020,9.77,506121,4.079480097,1.3214,3.45,13.13453105,1.405969553,2.279316466,0.278691781,1.238374231,0,0.004176302,1,0.004176302,0,0,6.454268188,5.996202158,6.947327115,4728571,6.454268188,0,8.660144403,8.193319932,9.153566772
11/1/20,2020,11,2020,9.9,343834,4.123479691,1.3073,3.45,12.74791426,1.4166973920000001,2.292534757,0.267963942,1.238374231,0,0.002837176,1,0.002837176,0,0,6.628691166,6.157472076,7.135971716,4021354,6.628691166,0,8.779819586,8.303106365,9.283902744
12/1/20,2020,12,2020,9.9,223489,4.206824567,1.2814,3.45,12.31711747,1.436708103,2.292534757,0.24795323,1.238374231,0,0,1,1,0,0,6.791342204,6.338435121,7.276611348,2527265,6.791342204,0,8.807377852,8.351757318,9.287854242
1/1/21,2021,1,2020,9.9,71967,4.234583661,1.273,3.45,11.18396296,1.443285014,2.292534757,0.24137632,1.238374231,0,0,1,1,0,0,7.111888719,6.601076527,7.662229176,2113419,7.111888719,0,9.138719444,8.621234964,9.68726562
2/1/21,2021,2,2020,9.9,191390,4.243918281,1.2702,3.45,12.16206851,1.445486965,2.292534757,0.239174368,1.238374231,0,0,1,1,0,0,6.907088969,6.445536232,7.401692631,2381766,6.907088969,0,8.870889171,8.4018303,9.366134744
3/1/21,2021,3,2020,9.9,615632,4.286779324,1.2575,3.45,13.33040466,1.455535711,2.292534757,0.229125623,1.238374231,0,0,1,1,0,0,6.736963531,6.31383971,7.18844312,5097557,6.736963531,0,8.579793772,8.138431838,9.045091565
4/1/21,2021,4,2021,9.9,20312724,9.432972173,1.2506,7.55,16.82675805,2.24421123,2.292534757,0.223623436,2.021547563,1.2,0,1,1,0,0,11.58647073,10.846171440000001,12.37729873,4063868,11.58647073,0,14.91192014,13.92703086,15.96645863
5/1/21,2021,5,2021,13.11,26614604,9.726172809,1.2129,7.55,17.09697065,2.27482048,2.573375298,0.193014186,2.021547563,1.2,0,1,1,0,0,12.05823761,11.23663456,12.93991484,1995725,12.05823761,0,15.20677659,13.99486191,16.52363958
6/1/21,2021,6,2021,14.88,18490359,9.657695456,1.2215,7.55,16.73276002,2.267755054,2.700018029,0.200079612,2.021547563,1.2,0.130884435,1,0.130884435,0,0,12.86830462,11.97564599,13.82750157,4467402,12.86830462,0,16.37227366,15.01966498,17.84669266
7/1/21,2021,7,2021,16.24,12491323,9.414152901,1.2531,7.55,16.3405448,2.242214185,2.787477335,0.225620481,2.021547563,1.2,0.08842012,1,0.08842012,0,0,12.31951292,11.6349659,13.0443355,7129427,12.31951292,0,15.90537212,14.93909127,16.93415333
8/1/21,2021,8,2021,16.4,4835852,9.364085569,1.2598,7.55,15.39156789,2.236881688,2.797281335,0.230952978,2.021547563,1.2,0.034230691,1,0.034230691,0,0,12.35173523,11.69336692,13.04717147,6896341,12.35173523,0,15.93490778,15.03842819,16.88482883
9/1/21,2021,9,2021,16.4,1502014,9.311607072,1.2669,7.55,14.22231743,2.231261694,2.797281335,0.236572972,2.021547563,1.2,0.010632041,1,0.010632041,0,0,12.61030632,11.89367265,13.37011957,5351717,12.61030632,0,16.27916862,15.33216147,17.28466866
10/1/21,2021,10,2021,16.56,1109754,9.476924004,1.2448,7.55,13.91964893,2.248859791,2.806990149,0.218974874,2.021547563,1.2,0.007855419,1,0.007855419,0,0,13.0869665,12.34053193,13.87855023,5451093,13.0869665,0,16.67266473,15.67496533,17.73386693
11/1/21,2021,11,2021,16.79,1226110,9.390921032,1.2562,7.55,14.01935711,2.239743375,2.820783471,0.228091291,2.021547563,1.2,0.008679048,1,0.008679048,0,0,12.85920715,12.12934897,13.63298301,4720002,12.85920715,0,16.49178092,15.53604299,17.50631341
12/1/21,2021,12,2021,16.8,759392,9.21918959,1.2796,7.55,13.54027339,2.221287137,2.821378886,0.246547529,2.021547563,1.2,0,1,1,0,0,12.44354426,11.7521035,13.17566628,2069959,12.44354426,0,16.18295908,15.22780102,17.19802906
1/1/22,2022,1,2021,16.8,430600,9.34776149,1.262,7.55,12.97293486,2.235136902,2.821378886,0.232697764,2.021547563,1.2,0,0,1,0,0,10.87082768,10.21054688,11.57380656,875851,10.87082768,0,14.03477941,13.10752669,15.02762785
2/1/22,2022,2,2021,16.42,253059,9.277190154,1.2716,7.55,12.44137794,2.227558716,2.798500104,0.24027595,2.021547563,1.2,0,0,1,0,0,10.92895433,10.23767693,11.66690877,2163010,10.92895433,0,14.17347291,13.21708551,15.19906444
3/1/22,2022,3,2021,15.41,715025,9.320435332,1.2657,7.55,13.48007279,2.232209337,2.735016649,0.235625329,2.021547563,1.2,0,0,1,0,0,10.64090383,10.01085636,11.31060424,965972,10.64090383,0,13.77999423,12.88025275,14.74258654
4/1/22,2022,4,2022,12.07,12212825,7.861401632,1.2621,6.35,16.31799719,2.061964915,2.490723035,0.232777,1.848454813,-1.2,0,0,1,0,0,6.131865966,5.7113765,6.583313186,579344,6.131865966,0,8.058300526,7.407614864,8.766142485
5/1/22,2022,5,2022,10.41,25744430,7.716499456,1.2858,6.35,17.06372885,2.043360823,2.342766883,0.251381093,1.848454813,-1.2,0,0,1,0,0,5.813411699,5.442331669,6.209793455,1379193,5.813411699,0,7.766334649,7.229866905,8.342609162
6/1/22,2022,6,2022,8.48,15662883,7.750253867,1.2802,6.35,16.56680433,2.0477256,2.13771045,0.247016316,1.848454813,-1.2,-0.084207922,0,-0.084207922,0,0,5.858481399,5.420515815,6.331833625,824686,5.858481399,0,7.743068426,7.151477948,8.383596941
7/1/22,2022,7,2022,7.53,12783300,7.658131368,1.2956,6.35,16.36365019,2.035768007,2.018895042,0.258973908,1.848454813,-1.2,-0.0687265,0,-0.0687265,0,0,5.822682833,5.42887339,6.245059138,353792,5.822682833,0,7.775439548,7.248288727,8.340928797
8/1/22,2022,8,2022,7.05,6296435,7.68422785,1.2912,6.35,15.65549416,2.039169897,1.953027617,0.255572019,1.848454813,-1.2,-0.033851348,0,-0.033851348,0,0,6.069376049,5.706816226,6.454969666,903631,6.069376049,0,8.08570099,7.578989819,8.626289528
9/1/22,2022,9,2022,7.26,4479156,7.442150465,1.3332,6.35,15.31494519,2.007159848,1.982379829,0.287582067,1.848454813,-1.2,-0.024081162,0,-0.024081162,0,0,5.860651587,5.54916519,6.189622375,431765,5.860651587,0,8.024187815,7.587725834,8.485756009
10/1/22,2022,10,2022,7.84,3456535,7.233796296,1.3716,6.35,15.0557772,1.978763974,2.059238834,0.315977942,1.848454813,-1.2,-0.018583273,0,-0.018583273,0,0,5.665465811,5.370922089,5.976162441,434558,5.665465811,0,7.958983087,7.469378118,8.480680824
11/1/22,2022,11,2022,7.9,2169553,7.378504499,1.3447,6.35,14.59003171,1.998570976,2.066862759,0.29617094,1.848454813,-1.2,-0.011664107,0,-0.011664107,0,0,5.949411617,5.634871903,6.281509004,1315907,5.949411617,0,8.202685333,7.751528483,8.680100554
12/1/22,2022,12,2022,7.77,1662831,7.307855196,1.3577,6.35,14.32403213,1.988949824,2.050270164,0.305792092,1.848454813,-1.2,0,0,1,0,0,5.844568724,5.537554037,6.168605009,825279,5.844568724,0,8.145316603,7.674315994,8.645224227
1/1/23,2023,1,2022,7.27,2895460,7.3872943190000004,1.3431,6.35,14.87865455,1.999761541,1.983756292,0.294980375,1.848454813,-1.2,0,0,1,0,0,5.836787389,5.530937709,6.159549938,313262,5.836787389,0,8.063169596,7.612898454,8.540072394
2/1/23,2023,2,2022,6.91,2480032,7.380699993,1.3443,6.35,14.72378202,1.998868484,1.932969638,0.295873431,1.848454813,-1.2,0,0,1,0,0,5.858419014,5.550403879,6.183527198,425034,5.858419014,0,8.097227936,7.643813145,8.577538331
3/1/23,2023,3,2022,6.07,3502261,7.251242418,1.3683,6.35,15.06891932,1.981172822,1.803358605,0.313569093,1.848454813,-1.2,0,0,1,0,0,5.634002848,5.349001591,5.934189317,2220156,5.634002848,0,7.919660941,7.44511036,8.424459329
4/1/23,2023,4,2023,5.17,14530441,2.607063404,1.3485,2.25,16.49175639,0.958224455,1.642872689,0.298992864,0.810930216,0,0,0,1,0,0,3.624961573,3.362323903,3.908114385,2595363,3.624961573,0,5.063901957,4.827064044,5.312360224
5/1/23,2023,5,2023,4.65,18463829,2.599929744,1.3522,2.25,16.73132419,0.955484423,1.53686722,0.301732896,0.810930216,0,0,0,1,0,0,3.584731523,3.317934976,3.872981292,1000417,3.584731523,0,5.028964501,4.784526569,5.285890587
6/1/23,2023,6,2023,4.97,27468031,2.644122292,1.3296,2.25,17.12853338,0.972339174,1.60341984,0.284878145,0.810930216,0,0.07738311,0,0.07738311,0,0,3.774438267,3.52742949,4.038743871,1067583,3.774438267,0,5.18909492,4.962752641,5.425760267
7/1/23,2023,7,2023,5.29,27619454,2.65992661,1.3217,2.25,17.13403094,0.978298532,1.665818246,0.278918787,0.810930216,0,0.0778097,0,0.0778097,0,0,3.801396867,3.559034428,4.060263656,1077971,3.801396867,0,5.18470995,4.961913975,5.417509735
8/1/23,2023,8,2023,5.74,14491632,2.608998145,1.3475,2.25,16.48908194,0.958966295,1.74745921,0.298251024,0.810930216,0,0.040825917,0,0.040825917,0,0,3.742438981,3.489509933,4.013701006,835063,3.742438981,0,5.223701428,5.010069722,5.446442489
9/1/23,2023,9,2023,5.75,2184439,2.59935305,1.3525,2.25,14.5968696,0.955262587,1.749199855,0.301954732,0.810930216,0,0.006154015,0,0.006154015,0,0,3.914609834,3.639768483,4.21020464,250853,3.914609834,0,5.462987654,5.232981798,5.703102984
10/1/23,2023,10,2023,5.75,1955859,2.565587827,1.3703,2.25,14.48634004,0.942187625,1.749199855,0.315029694,0.810930216,0,0.005510058,0,0.005510058,0,0,3.866995479,3.576765865,4.180775202,437686,3.866995479,0,5.495053954,5.245974856,5.755959339
11/1/23,2023,11,2023,5.63,1089692,2.562222141,1.3721,2.25,13.90140565,0.940874906,1.728109442,0.316342413,0.810930216,0,0.003069887,0,0.003069887,0,0,3.932395294,3.631657147,4.258037618,277988,3.932395294,0,5.591598181,5.330711107,5.865253171
12/1/23,2023,12,2023,5.32,1079542,2.618520036,1.3426,2.25,13.89204744,0.962609286,1.671473303,0.294608033,0.810930216,0,0,0,1,0,0,3.969415521,3.706277222,4.251236116,299046,3.969415521,0,5.485093103,5.273234412,5.705463478
1/1/24,2024,1,2023,5.4,1624049,2.619885983,1.3419,2.25,14.30043297,0.963130799,1.686398954,0.29408652,0.810930216,0,0,0,1,0,0,3.918887429,3.660607057,4.195391214,310091,3.918887429,0,5.415528527,5.206978585,5.632431313
2/1/24,2024,2,2023,5.45,1611183,2.605903936,1.3491,2.25,14.29247925,0.957779615,1.695615609,0.299437703,0.810930216,0,0,0,1,0,0,3.894887331,3.630935761,4.17802691,739768,3.894887331,0,5.422031384,5.206975366,5.645969544
3/1/24,2024,3,2023,5.45,1825878,2.59589825,1.3543,2.25,14.41757153,0.953932603,1.695615609,0.303284716,0.810930216,0,0,0,1,0,0,3.861078325,3.594100227,4.147888175,1912168,3.861078325,0,5.404952291,5.185411362,5.633788187
4/1/24,2024,4,2024,5.64,18020833,3.431300783,1.3661,3,16.70703904,1.232939426,1.729884066,0.311959965,1.098612289,0,0,0,1,0,0,4.175824687,3.915576672,4.453370034,1866913,4.175824687,0,5.912763012,5.658703722,6.178228822
5/1/24,2024,5,2024,6.19,35151950,3.428038613,1.3674,3,17.37519065,1.231988265,1.822935087,0.312911126,1.098612289,0,0,0,1,0,0,4.079992893,3.808539147,4.370794514,2673709,4.079992893,0,5.791310225,5.513196225,6.083453727
6/1/24,2024,6,2024,6.06,24068194,3.420534151,1.3704,3,16.99640178,1.229796723,1.8017098,0.315102668,1.098612289,0,0.147682602,0,0.147682602,0,0,4.420289431,4.083255146,4.785142725,1299880,4.420289431,0,6.323418891,5.912901446,6.762437501
7/1/24,2024,7,2024,6.05,17850560,3.419536037,1.3708,3,16.69754544,1.22950488,1.800058272,0.315394511,1.098612289,0,0.109531157,0,0.109531157,0,0,4.399663313,4.113283773,4.705981482,589589,4.399663313,0,6.280449383,5.966414799,6.611012775
8/1/24,2024,8,2024,6.09,5248736,3.427537292,1.3676,3,15.47349784,1.231842013,1.806648082,0.313057379,1.098612289,0,0.03220628,0,0.03220628,0,0,4.464665037,4.216750899,4.727154714,317678,4.464665037,0,6.31456172,6.105861327,6.530395562
9/1/24,2024,9,2024,6.67,2406014,3.460942115,1.3544,3,14.69348199,1.24154084,1.89761986,0.303358552,1.098612289,0,0.014763318,0,0.014763318,0,0,4.608907998,4.357605297,4.874703302,369921,4.608907998,0,6.423719391,6.215677154,6.638724919
10/1/24,2024,10,2024,7.46,1832792,3.412813979,1.3735,3,14.42135105,1.227537165,2.009555414,0.317362227,1.098612289,0,0.011246024,0,0.011246024,0,0,4.560601486,4.292062873,4.845941575,173248,4.560601486,0,6.466328983,6.23930989,6.701608232
11/1/24,2024,11,2024,8.21,1776956,3.354924134,1.3972,3,14.39041235,1.210429157,2.105352923,0.334470234,1.098612289,0,0.010903414,0,0.010903414,1,11.3395538,5.863985242,5.001103241,6.875747461,196780,5.863985242,0,8.643937212,7.786183579,9.596184031
12/1/24,2024,12,2024,8.38,1442957,3.292477348,1.4237,3,14.18220504,1.191640275,2.125847914,0.353259117,1.098612289,0,0,0,1,1,11.3395538,5.648776305,4.806538753,6.638596999,542005,5.648776305,1,8.548389067,7.721682181,9.463605719
1/1/25,2025,1,2025,8.62,1461644.1,3.257470466,1.439,3,14.19507246,1.180950964,2.154085085,0.363948428,1.098612289,0,0,0,1,1,11.3395538,5.56853452,4.731683497,6.553391985,NA,5.56853452,1,8.552564119,7.725237127,9.468492914
2/1/25,2025,2,2025,9.11,1450064.7,3.282037689,1.428228571,3,14.18711873,1.188464476,2.209372711,0.356434915,1.098612289,0,0,0,1,1,11.3395538,5.624614229,4.784089371,6.61281234,NA,5.624614229,1,8.549103914,7.722317944,9.464409296
3/1/25,NA,NA,NA,NA,NA,NA,1.432513256713,NA,NA,NA,NA,NA,NA,NA,NA,NA,NA,NA,NA,NA,NA,NA,NA,NA,NA,NA,NA,NA
4/1/25,NA,NA,NA,NA,NA,NA,1.436797942426,NA,NA,NA,NA,NA,NA,NA,NA,NA,NA,NA,NA,NA,NA,NA,NA,NA,NA,NA,NA,NA
5/1/25,NA,NA,NA,NA,NA,NA,1.441082628139,NA,NA,NA,NA,NA,NA,NA,NA,NA,NA,NA,NA,NA,NA,NA,NA,NA,NA,NA,NA,NA
6/1/25,NA,NA,NA,NA,NA,NA,1.445367313852,NA,NA,NA,NA,NA,NA,NA,NA,NA,NA,NA,NA,NA,NA,NA,NA,NA,NA,NA,NA,NA
7/1/25,NA,NA,NA,NA,NA,NA,1.449651999565,NA,NA,NA,NA,NA,NA,NA,NA,NA,NA,NA,NA,NA,NA,NA,NA,NA,NA,NA,NA,NA
8/1/25,NA,NA,NA,NA,NA,NA,1.453936685278,NA,NA,NA,NA,NA,NA,NA,NA,NA,NA,NA,NA,NA,NA,NA,NA,NA,NA,NA,NA,NA
9/1/25,NA,NA,NA,NA,NA,NA,1.458221370991,NA,NA,NA,NA,NA,NA,NA,NA,NA,NA,NA,NA,NA,NA,NA,NA,NA,NA,NA,NA,NA
10/1/25,NA,NA,NA,NA,NA,NA,1.462506056704,NA,NA,NA,NA,NA,NA,NA,NA,NA,NA,NA,NA,NA,NA,NA,NA,NA,NA,NA,NA,NA
11/1/25,NA,NA,NA,NA,NA,NA,1.466790742417,NA,NA,NA,NA,NA,NA,NA,NA,NA,NA,NA,NA,NA,NA,NA,NA,NA,NA,NA,NA,NA
12/1/25,NA,NA,NA,NA,NA,NA,1.47107542813,NA,NA,NA,NA,NA,NA,NA,NA,NA,NA,NA,NA,NA,NA,NA,NA,NA,NA,NA,NA,NA
