"Dateyyymm","Year","Month","Pack_Year","UBNL58_lb","CAUS_Total","USD_Cost","CADUSDEXCH","Dock_Cost_CAD","log_CAUS_Total","log_USD_Cost","log_UBNL58_lb","log_CADUSDEXCH","log_Dock_Cost_CAD","Market_Shock_Factor","Season_Factor_1","Pandemic_Shock","Extra_Demand_Factor","Tariff_Shock","Tariff_Amt","Predicted_Price_Tariff_Adjusted","Lower_CI","Upper_CI","Non_Canada_Imports_Lbs","Predicted_Price"
"4/1/12",2012,4,2012,5.4,16196837,3.068971595,0.9928,1.95,16.6003265342259,1.12134252013696,1.68639895357023,-0.00722604509173958,0.667829372575655,0,0,0,1,0,0,4.74595710592743,4.49965501288778,5.00574128167386,333421,4.74595710592743
"5/1/12",2012,5,2012,4.72,27095991,3.020296392,1.0088,1.95,17.1148963413273,1.10535496961742,1.55180879959746,0.00876150566857267,0.667829372575655,0,0,0,1,0,0,4.5799334037325,4.33323536226989,4.84067636050051,527701,4.5799334037325
"6/1/12",2012,6,2012,4.75,15045306,2.965617092,1.0274,1.95,16.5265766068225,1.08708513625833,1.55814461804655,0.0270313390510305,0.667829372575655,0,0.029035924,0,0.029035924,0,0,4.69384620757034,4.4842216461148,4.91327011888708,639831,4.69384620757034
"7/1/12",2012,7,2012,4.72,12220955,3.004215145,1.0142,1.95,16.318662659227,1.10001635084466,1.55180879959746,0.0141001243787816,0.667829372575655,0,0.023585211,0,0.023585211,0,0,4.78830219004336,4.57210595233209,5.01472146582239,1436200,4.78830219004336
"8/1/12",2012,8,2012,4.65,4860923,3.068971595,0.9928,1.95,15.3967388955401,1.12134252013696,1.53686721959926,-0.00722604509173958,0.667829372575655,0,0.009381091,0,0.009381091,0,0,5.03373120786433,4.80135725219571,5.27735149502566,1810215,5.03373120786433
"9/1/12",2012,9,2012,4.74,1928095,3.113822177,0.9785,1.95,14.4720430267976,1.13585096741392,1.55603713570699,-0.0217344921460061,0.667829372575655,0,0.003721029,0,0.003721029,0,0,5.26690531685824,5.0100457370837,5.53693380709474,1087768,5.26690531685824
"10/1/12",2012,10,2012,4.93,688726,3.091391031,0.9856,1.95,13.4425987931071,1.12862116145737,1.5953389880546,-0.0145046862028817,0.667829372575655,0,0.001329172,0,0.001329172,0,0,5.39770728835814,5.11654216487695,5.69432304707594,1538947,5.39770728835814
"11/1/12",2012,11,2012,5.04,385607,3.057269717,0.9966,1.95,12.8625739950807,1.1175222683265,1.61740608208328,-0.00340579313483282,0.667829372575655,0,0.000744183,0,0.000744183,0,0,5.42962069614494,5.13401603791283,5.74224558051645,900505,5.42962069614494
"12/1/12",2012,12,2012,5.01,262729,3.078895513,0.9896,1.95,12.4788783616631,1.12457093299792,1.61143591509677,-0.0104544579038589,0.667829372575655,0,0,0,1,0,0,5.45567448967858,5.1570544243745,5.7715861978594,1541842,5.45567448967858
"1/1/13",2013,1,2012,5.04,239975,3.070517989,0.9923,1.95,12.3882900302317,1.1218462734251,1.61740608208328,-0.00772979806194127,0.667829372575655,0,0,0,1,0,0,5.45456235143747,5.15444539586774,5.77215358020305,1326575,5.45456235143747
"2/1/13",2013,2,2012,5.26,165356,3.017604239,1.0097,1.95,12.0158560044162,1.10446321821476,1.66013102674962,0.00965325702813835,0.667829372575655,0,0,0,1,0,0,5.41078714312199,5.10878820527309,5.73063832984034,1304540,5.41078714312199
"3/1/13",2013,3,2012,5.3,197907,2.974011713,1.0245,1.95,12.1955525023648,1.08991178649692,1.66770682055808,0.0242046886968174,0.667829372575655,0,0,0,1,0,0,5.2882470313472,5.00686863797357,5.58543846196671,761455,5.2882470313472
"4/1/13",2013,4,2013,5.3,6689120,3.067033075,1.0189,2,15.715992883841,1.12071066922786,1.66770682055808,0.0187236139981025,0.693147180559945,0,0,0,1,0,0,4.82020454326473,4.60434622377987,5.04618260870836,745000,4.82020454326473
"5/1/13",2013,5,2013,4.61,38245061,2.803308824,1.02,1.83,17.4595249857166,1.03080044235344,1.52822785700856,0.0198026272961797,0.60431596685333,0,0,0,1,0,0,4.28644419540797,4.03127103290025,4.55776942070997,641592,4.28644419540797
"6/1/13",2013,6,2013,4.69,28006306,2.772055259,1.0315,1.83,17.1479402570683,1.01958901583315,1.54543258245819,0.0310140535291695,0.60431596685333,0,0.076021035,0,0.076021035,0,0,4.46719728713166,4.22383997940825,4.72457567034826,1551837,4.46719728713166
"7/1/13",2013,7,2013,4.91,16174650,2.749134699,1.0401,1.83,16.5989557597864,1.01128620725515,1.59127394180643,0.0393168623769504,0.60431596685333,0,0.043904885,0,0.043904885,0,0,4.45210797516997,4.23625921725054,4.67895480565909,2895856,4.45210797516997
"8/1/13",2013,8,2013,5.16,3847464,2.74887041,1.0402,1.83,15.1629247879263,1.01119006729348,1.64093657949347,0.0394130023568351,0.60431596685333,0,0.010443655,0,0.010443655,0,0,4.6094921925819,4.39292953568196,4.8367309561625,4814644,4.6094921925819
"9/1/13",2013,9,2013,5.2,1447734,2.765085582,1.0341,1.83,14.1855101333951,1.01707158639403,1.64865862558738,0.0335314832087923,0.60431596685333,0,0.003929766,0,0.003929766,0,0,4.7808824888063,4.54590688130617,5.02800386558013,1456267,4.7808824888063
"10/1/13",2013,10,2013,5.2,426068,2.758683068,1.0365,1.83,12.962354236926,1.01475341658176,1.64865862558738,0.0358496528936972,0.60431596685333,0,0.00115653,0,0.00115653,0,0,4.9588405688635,4.69028275160196,5.24277556166689,950852,4.9588405688635
"11/1/13",2013,11,2013,5.24,443396,2.726590064,1.0487,1.83,13.0022185549238,1.00305176766437,1.65632149833295,0.0475513018582224,0.60431596685333,0,0.001203565,0,0.001203565,0,0,4.88623991294905,4.62672515345497,5.16031095321659,1371047,4.88623991294905
"12/1/13",2013,12,2013,5.25,301871,2.688140453,1.0637,1.83,12.6177550527836,0.988849673155941,1.65822807660353,0.0617533962754822,0.60431596685333,0,0,0,1,0,0,4.78989496080923,4.54996941045416,5.04247208406959,749403,4.78989496080923
"1/1/14",2014,1,2013,5.36,197358,2.612971763,1.0943,1.83,12.1927746173862,0.960488180127235,1.67896397508271,0.0901148894422603,0.60431596685333,0,0,0,1,0,0,4.70175702244207,4.46326088033959,4.95299730191917,682488,4.70175702244207
"2/1/14",2014,2,2013,5.4,106030,2.587435526,1.1051,1.83,11.5714773519198,0.950667240793119,1.68639895357023,0.0999358286125995,0.60431596685333,0,0,0,1,0,0,4.74511761870778,4.48576014212862,5.01947061411233,665797,4.74511761870778
"3/1/14",2014,3,2013,5.4,90832,2.573926546,1.1109,1.83,11.4167669254105,0.945432571859213,1.68639895357023,0.10517049760554,0.60431596685333,0,0,0,1,0,0,4.74080606494794,4.47702549263793,5.02012824863421,381429,4.74080606494794
"4/1/14",2014,4,2014,5.4,4679550,3.27031577,1.0989,2.3,15.3587125094246,1.18488654599623,1.68639895357023,0.0943096794707413,0.832909122935104,0,0,0,1,0,0,4.88110243598031,4.7079519734974,5.06062107783862,693255,4.88110243598031
"5/1/14",2014,5,2014,5.1,23518882,3.300348976,1.0889,2.3,16.9733141458513,1.1940282131843,1.62924053973028,0.0851680123698782,0.832909122935104,0,0,0,1,0,0,4.68018437325373,4.47226593503181,4.89776906960535,496210,4.68018437325373
"6/1/14",2014,6,2014,5.11,30413015,3.319248176,1.0827,2.3,17.2303811997571,1.19973830427199,1.63119940421561,0.0794579213347155,0.832909122935104,0,0.015594046,0,0.015594046,0,0,4.77491984496889,4.58156248524287,4.97643753617148,632249,4.77491984496889
"7/1/14",2014,7,2014,5.22,18333321,3.347070876,1.0737,2.3,16.7242307818011,1.20808559798347,1.65249740189455,0.0711106274579529,0.832909122935104,0,0.009400273,0,0.009400273,0,0,4.89324945865912,4.70381120470335,5.09031702648403,1478586,4.89324945865912
"8/1/14",2014,8,2014,5.25,6037994,3.29037722,1.0922,2.3,15.6135823955419,1.19100221473968,1.65822807660353,0.0881940107359163,0.832909122935104,0,0.003095936,0,0.003095936,0,0,4.95970267757932,4.78471314706,5.1410920349744,2101494,4.95970267757932
"9/1/14",2014,9,2014,5.25,1721268,3.263485289,1.1012,2.3,14.3585717864867,1.18279573134588,1.65822807660353,0.0964004942863152,0.832909122935104,0,0.000882567,0,0.000882567,0,0,5.11339509456755,4.92653002953657,5.30734801906953,1684798,5.11339509456755
"10/1/14",2014,10,2014,5.25,486513,3.204128031,1.1216,2.3,13.0950189017311,1.16443998814557,1.65822807660353,0.114756237298189,0.832909122935104,0,0.000249456,0,0.000249456,0,0,5.211891895708,4.98696855110482,5.44695978211629,2203275,5.211891895708
"11/1/14",2014,11,2014,5.25,369553,3.171888791,1.133,2.3,12.8200494461614,1.15432724357414,1.65822807660353,0.124868982045869,0.832909122935104,0,0.000189486,0,0.000189486,0,0,5.1950544833827,4.96027721917082,5.44094410308509,1651923,5.1950544833827
"12/1/14",2014,12,2014,5.25,406663,3.114707922,1.1538,2.3,12.9157401116072,1.13613538283518,1.65822807660353,0.143060842840652,0.832909122935104,0,0,0,1,0,0,4.98603591485649,4.78469059135325,5.19585408284625,1254727,4.98603591485649
"1/1/15",2015,1,2014,5.25,571873,2.965384933,1.2119,2.3,13.256672217738,1.08700684965545,1.65822807660353,0.192189375992305,0.832909122935104,0,0,0,1,0,0,4.64557588145773,4.4487407025873,4.85112006142109,1365558,4.64557588145773
"2/1/15",2015,2,2014,5.21,336312,2.875230018,1.2499,2.3,12.7257945795182,1.05613267730985,1.65057985576528,0.223063548114039,0.832909122935104,0,0,0,1,0,0,4.55408754046109,4.3273516293396,4.79270350612762,699785,4.55408754046109
"3/1/15",2015,3,2014,5.14,401861,2.848565314,1.2616,2.3,12.9038615366643,1.04681546893646,1.63705307946707,0.232380756666692,0.832909122935104,0,0,0,1,0,0,4.4767726199435,4.24960509870189,4.71608364193601,1301401,4.4767726199435
"4/1/15",2015,4,2015,4.98,1959885,3.101454266,1.2343,2.45,14.488396356016,1.13187111955414,1.60542989103656,0.210504007767746,0.896088024556636,0,0,0,1,0,0,4.53327820319762,4.34769777032999,4.72678009217436,1452713,4.53327820319762
"5/1/15",2015,5,2015,4.78,14287587,3.14399228,1.2176,2.45,16.4749016763055,1.14549341909321,1.56444054650336,0.196881708125284,0.896088024556636,0,0,0,1,0,0,4.31826282375304,4.12208417490977,4.5237780267832,783916,4.31826282375304
"6/1/15",2015,6,2015,4.89,40660646,3.097689756,1.2358,2.45,17.5207712538887,1.13065659366173,1.58719230348678,0.211718533644742,0.896088024556636,0,0.034531521,0,0.034531521,0,0,4.21553598231866,4.01665730237575,4.4242618377506,1424578,4.21553598231866
"7/1/15",2015,7,2015,4.95,18491781,2.974687233,1.2869,2.45,16.732836921061,1.09013890170616,1.5993875765806,0.252236225517482,0.896088024556636,0,0.015704358,0,0.015704358,0,0,4.08736865774919,3.86730396801414,4.31995588723513,1952918,4.08736865774919
"8/1/15",2015,8,2015,4.92,5602594,2.912228984,1.3145,2.45,15.5387402627405,1.06891876185828,1.59330853050422,0.273456365187799,0.896088024556636,0,0.004758067,0,0.004758067,0,0,4.12497697834012,3.8868910698691,4.37764649586875,2988794,4.12497697834012
"9/1/15",2015,9,2015,4.9,1579360,2.886754393,1.3261,2.45,14.2725302596517,1.06013282362922,1.58923520511658,0.282242303701416,0.896088024556636,0,0.00134129,0,0.00134129,0,0,4.2489126521243,3.99138618531622,4.52305487046017,1657714,4.2489126521243
"10/1/15",2015,10,2015,4.95,1890310,2.928940321,1.307,2.45,14.4522513947498,1.07464069242464,1.5993875765806,0.267734434642085,0.896088024556636,0,0.001605368,0,0.001605368,0,0,4.30021463758792,4.05787371230815,4.5570284440437,1527434,4.30021463758792
"11/1/15",2015,11,2015,5.06,749831,2.883709981,1.3275,2.45,13.5276031267878,1.05907765299298,1.62136648329937,0.283297474133957,0.896088024556636,0,0.000636803,0,0.000636803,0,0,4.34755622693402,4.07527967765558,4.63802404776946,1848668,4.34755622693402
"12/1/15",2015,12,2015,5.17,696312,2.791602859,1.3713,2.45,13.453553114733,1.0266159323042,1.64287268852034,0.315759195023671,0.896088024556636,0,0,0,1,0,0,4.12140072912999,3.83553764766743,4.42856922038118,1708454,4.12140072912999
"1/1/16",2016,1,2015,5.34,344780,2.690368262,1.4229,2.45,12.750661811449,0.989678084615494,1.6752256529721,0.352697042569509,0.896088024556636,0,0,0,1,0,0,4.03128123233056,3.69155487816407,4.40227191806582,1501865,4.03128123233056
"2/1/16",2016,2,2015,5.62,317312,2.775009061,1.3795,2.45,12.6676407959548,1.02065401241829,1.7263316639056,0.321721114675204,0.896088024556636,0,0,0,1,0,0,4.19855907894169,3.8905126581489,4.53099626920403,2150084,4.19855907894169
"3/1/16",2016,3,2015,5.62,185028,2.897460642,1.3212,2.45,12.1282624439594,1.06383471270552,1.7263316639056,0.278540414534497,0.896088024556636,0,0,0,1,0,0,4.50621601651572,4.2223319132708,4.80918677275962,2094783,4.50621601651572
"4/1/16",2016,4,2016,5.8,9561392,3.657252087,1.2817,3,16.0732438811225,1.29671206952324,1.75785791755237,0.248187321753641,1.09861228866811,0,0,0,1,0,0,4.63181300397476,4.42093458940707,4.85275031103027,1428301,4.63181300397476
"5/1/16",2016,5,2016,5.89,31139395,3.620529852,1.2947,3,17.2539842957935,1.28662038308274,1.7732559976635,0.258279008082465,1.09861228866811,0,0,0,1,0,0,4.39738341894518,4.15716498107709,4.6514826862137,1471355,4.39738341894518
"6/1/16",2016,6,2016,6.47,18656961,3.636822096,1.2889,3,16.7417298783837,1.2911102497686,1.86717610851281,0.253789141428597,1.09861228866811,0,0.156334196,0,0.156334196,0,0,4.84228592701695,4.48446259001883,5.22866063174984,2109987,4.84228592701695
"7/1/16",2016,7,2016,6.66,15301476,3.592779949,1.3047,3,16.5434598522979,1.27892626189183,1.8961194845523,0.265973129289565,1.09861228866811,0,0.128217234,0,0.128217234,0,0,4.74781799504092,4.44441234015136,5.07193617261596,3634209,4.74781799504092
"8/1/16",2016,8,2016,6.85,5456859,3.60687904,1.2996,3,15.5123839074618,1.28284286656564,1.92424865227413,0.262056524812808,1.09861228866811,0,0.045725221,0,0.045725221,0,0,4.78811441839291,4.57790007782192,5.00798167148503,3279866,4.78811441839291
"9/1/16",2016,9,2016,7.12,1302209,3.576879054,1.3105,3,14.0795726111418,1.27449064757217,1.96290772542388,0.270408743781324,1.09861228866811,0,0.010911734,0,0.010911734,0,0,4.90149625661932,4.66318653661452,5.1519846707859,2926339,4.90149625661932
"10/1/16",2016,10,2016,7.54,425071,3.538537027,1.3247,3,12.9600114927773,1.26371337251739,2.02022218201986,0.281186018708079,1.09861228866811,0,0.003561841,0,0.003561841,0,0,5.00111342901748,4.72085392682325,5.29801089328123,2008402,5.00111342901748
"11/1/16",2016,11,2016,7.93,190887,3.486944878,1.3443,3,12.1594369089142,1.24902595971081,2.07065303564676,0.29587343147807,1.09861228866811,0,0.001599519,0,0.001599519,0,0,5.03393572247529,4.71378822362305,5.37582675670906,2059274,5.03393572247529
"12/1/16",2016,12,2016,7.95,262797,3.512814748,1.3344,3,12.4791371500023,1.25641763861684,2.07317192866624,0.288481752622345,1.09861228866811,0,0,0,1,0,0,4.94754813299927,4.6736619403172,5.23748461932685,1762505,4.94754813299927
"1/1/17",2017,1,2016,7.95,234243,3.552751251,1.3194,3,12.3641143170501,1.26772230361137,2.07317192866624,0.277177087806633,1.09861228866811,0,0,0,1,0,0,5.03972981689177,4.76807659477711,5.32686002886143,3079393,5.03972981689177
"2/1/17",2017,2,2016,7.95,233831,3.575514874,1.311,3,12.3623539111895,1.27410918647529,2.07317192866624,0.270790204781563,1.09861228866811,0,0,0,1,0,0,5.08197965937342,4.81347698429379,5.36545980017276,1621563,5.08197965937342
"3/1/17",2017,3,2016,7.95,271598,3.502054539,1.3385,3,12.5120783108693,1.25334980741458,2.07317192866624,0.29154958397827,1.09861228866811,0,0,0,1,0,0,4.92254249497208,4.64788037424008,5.21343551548865,1377553,4.92254249497208
"4/1/17",2017,4,2017,7.95,5799183,5.10484111,1.3437,4.39,15.5732276035257,1.6301893267444,2.07317192866624,0.295427002899227,1.47932922708708,0,0,0,1,0,0,5.51481993604939,5.30936116953881,5.72822943399225,849962,5.51481993604939
"5/1/17",2017,5,2017,7.18,25144413,5.040322581,1.3609,4.39,17.0401462827144,1.61747008420176,1.97129938306013,0.308146245584135,1.47932922708708,0,0,0,1,0,0,5.16003291795894,4.90975179231699,5.42307245675543,505271,5.16003291795894
"6/1/17",2017,6,2017,7.41,22244357,5.160140676,1.3293,4.39,16.9175989164325,1.64096384191255,2.002830439308,0.284652487891416,1.47932922708708,0,0.058691067,0,0.058691067,0,0,5.56320643750026,5.35485299138996,5.77966676508347,1294119,5.56320643750026
"7/1/17",2017,7,2017,7.88,18823113,5.40874862,1.2682,4.39,16.7505960875821,1.68801775741479,2.06432790386979,0.237598572283794,1.47932922708708,0,0.049664218,0,0.049664218,0,0,5.96252779570942,5.75954405785717,6.17266529389731,1906963,5.96252779570942
"8/1/17",2017,8,2017,8.1,4721188,5.440925676,1.2607,4.39,15.3675710208071,1.69394920742152,2.09186406167839,0.231667122255087,1.47932922708708,0,0.012456713,0,0.012456713,0,0,6.20686409823452,6.01071741931345,6.40941159705241,3097967,6.20686409823452
"9/1/17",2017,9,2017,8.1,1563363,5.580811163,1.2291,4.39,14.2623498281201,1.71933413554133,2.09186406167839,0.206282194238798,1.47932922708708,0,0.004124886,0,0.004124886,0,0,6.65251308653508,6.39727746978631,6.91793197583453,2328941,6.65251308653508
"10/1/17",2017,10,2017,8.1,466674,5.442220724,1.2604,4.39,13.0533862200796,1.69418719889173,2.09186406167839,0.231429130900982,1.47932922708708,0,0.001231305,0,0.001231305,0,0,6.6723395679216,6.38269843716851,6.9751243534235,1843531,6.6723395679216
"11/1/17",2017,11,2017,8.1,744945,5.373580102,1.2765,4.39,13.5210656691331,1.68149437204569,2.09186406167839,0.244121957699401,1.47932922708708,0,0.001965515,0,0.001965515,0,0,6.45454606509068,6.20036478910847,6.71914739267588,1548361,6.45454606509068
"12/1/17",2017,12,2017,8.1,829864,5.374422158,1.2763,4.39,13.6290171109253,1.68165106274623,2.09186406167839,0.243965267006508,1.47932922708708,0,0,0,1,0,0,6.3276637481746,6.10751073259231,6.55575246004824,1102813,6.3276637481746
"1/1/18",2018,1,2017,8.1,256111,5.519735254,1.2427,4.39,12.4533662232371,1.70832989790694,2.09186406167839,0.217286431829812,1.47932922708708,0,0,0,1,0,0,6.83162174536223,6.51745355845302,7.16093413679558,1704620,6.83162174536223
"2/1/18",2018,2,2017,8.1,203302,5.450870153,1.2584,4.39,12.2224478372464,1.69577525703159,2.09186406167839,0.229841072761931,1.47932922708708,0,0,0,1,0,0,6.76196207474361,6.44932845518076,7.08975072645596,1290636,6.76196207474361
"3/1/18",2018,3,2017,7.97,167603,5.303777159,1.2933,4.39,12.0293533666313,1.66841923823776,2.07568449280212,0.257197091439061,1.47932922708708,0,0,0,1,0,0,6.54493588540619,6.24365935323312,6.86074997379479,2065360,6.54493588540619
"4/1/18",2018,4,2018,7.95,3868945,5.89020655,1.2733,4.8,15.168492418022,1.77329106496035,2.07317192866624,0.241611955597253,1.56861591791385,0,0,0,1,0,0,6.3644716097964,6.16903987592474,6.56609451172212,1628750,6.3644716097964
"5/1/18",2018,5,2018,8.84,20963522,5.831130462,1.2862,4.8,16.8582944376521,1.76321088585356,2.17928687664955,0.251692134718626,1.56861591791385,0,0,0,1,0,0,5.93264507641644,5.70311088054763,6.17141737902676,1880624,5.93264507641644
"6/1/18",2018,6,2018,9.1,17602119,5.71297989,1.3128,4.8,16.6835298504884,1.74274075969412,2.2082744135228,0.272162260793744,1.56861591791385,0,-0.004817421,0,-0.004817421,0,0,5.87311737113323,5.64241853463346,6.11324867933565,2350703,5.87311737113323
"7/1/18",2018,7,2018,9.07,12569922,5.71123972,1.3132,4.8,16.3468173752966,1.7424361139375,2.20497226412705,0.2724669066453,1.56861591791385,0,-0.003440189,0,-0.003440189,0,0,5.93892569746516,5.7191067762741,6.16719355307969,3890598,5.93892569746516
"8/1/18",2018,8,2018,8.81,2896245,5.751533742,1.304,4.8,14.8789256283569,1.7494665569802,2.17588743994809,0.265436463504461,1.56861591791385,0,-0.000792656,0,-0.000792656,0,0,6.30322168527078,6.0973214633171,6.51607494416955,3300063,6.30322168527078
"9/1/18",2018,9,2018,8.75,1684758,5.753298558,1.3036,4.8,14.3371324912762,1.74977335258884,2.16905370036952,0.265129667981269,1.56861591791385,0,-0.000461092,0,-0.000461092,0,0,6.42024006443284,6.20153325813805,6.64665990960505,2812587,6.42024006443284
"10/1/18",2018,10,2018,8.75,1340910,5.765682657,1.3008,4.8,14.1088590459176,1.75192356076094,2.16905370036952,0.262979459811409,1.56861591791385,0,-0.000366986,0,-0.000366986,0,0,6.4891810351603,6.26246671355866,6.72410288679287,2672305,6.4891810351603
"11/1/18",2018,11,2018,8.75,1105843,5.679236711,1.3206,4.8,13.9161184980044,1.73681684183681,2.16905370036952,0.278086178778334,1.56861591791385,0,-0.000302652,0,-0.000302652,0,0,6.3881819856735,6.15161532539462,6.63384605887488,1286570,6.3881819856735
"12/1/18",2018,12,2018,8.75,715560,5.579526856,1.3442,4.8,13.4808207319052,1.71910397996656,2.16905370036952,0.295799040553728,1.56861591791385,0,0,0,1,0,0,6.21630520665546,5.99463565440973,6.44617165246164,1976887,6.21630520665546
"1/1/19",2019,1,2018,8.56,787624,5.639945857,1.3298,4.8,13.5767760976038,1.72987446564119,2.14710019015365,0.285028554986218,1.56861591791385,0,0,0,1,0,0,6.29515483855963,6.081252495435,6.51658099564011,2181934,6.29515483855963
"2/1/19",2019,2,2018,8.63,376162,5.676657584,1.3212,4.8,12.8377751806462,1.73636260600521,2.15524450509534,0.278540414534497,1.56861591791385,0,0,0,1,0,0,6.51154518308584,6.26280761162005,6.77016177100806,2300750,6.51154518308584
"3/1/19",2019,3,2018,8.74,207889,5.61251216,1.3363,4.8,12.2447595623934,1.72499841965845,2.16791018966744,0.289904600804878,1.56861591791385,0,0,0,1,0,0,6.53040525451075,6.24636690422587,6.82735955828822,2957449,6.53040525451075
"4/1/19",2019,4,2019,8.64,5597056,5.922454396,1.3376,5.07,15.5377513031835,1.77875095689452,2.15640258281596,0.2908769633483,1.62334081760309,0,0,0,1,0,0,6.03954799804297,5.84317258357272,6.24252313258939,1732934,6.03954799804297
"5/1/19",2019,5,2019,8.04,26336306,5.885931347,1.3459,5.07,17.086459001468,1.7725649859648,2.08442908319087,0.297062934257533,1.62334081760309,0,0,0,1,0,0,5.68711415021349,5.4382990606867,5.94731312063491,1905045,5.68711415021349
"6/1/19",2019,6,2019,8.28,19557258,5.961675948,1.3288,5.07,16.7888570286952,1.785351640877,2.11384296839717,0.284276279316948,1.62334081760309,0,0.058187313,0,0.058187313,0,0,6.07571671612962,5.8689463435748,6.2897718693697,1485769,6.07571671612962
"7/1/19",2019,7,2019,8.4,13243775,6.045386905,1.3104,5.07,16.3990381886798,1.79929548615423,2.12823170584927,0.270332434116668,1.62334081760309,0,0.039403258,0,0.039403258,0,0,6.23889649927523,6.05372482494176,6.42973221516443,2382566,6.23889649927523
"8/1/19",2019,8,2019,8.43,3871824,5.96841332,1.3273,5.07,15.1692362718001,1.78648111653554,2.13179677201376,0.28314680365002,1.62334081760309,0,0.011519561,0,0.011519561,0,0,6.30896807918023,6.1119749465373,6.51231043521624,3099076,6.30896807918023
"9/1/19",2019,9,2019,8.56,1423660,5.981482181,1.3244,5.07,14.1687415784004,1.78866839360574,2.14710019015365,0.280959526690954,1.62334081760309,0,0.004235714,0,0.004235714,0,0,6.52361411107756,6.29756568165157,6.75777645229567,2810559,6.52361411107756
"10/1/19",2019,10,2019,8.8,473947,6.004149613,1.3194,5.07,13.0688507800795,1.79245083234815,2.17475172148416,0.277177087806633,1.62334081760309,0,0.001410101,0,0.001410101,0,0,6.79485768957101,6.51291462296376,7.0890060279206,3563420,6.79485768957101
"11/1/19",2019,11,2019,8.97,307773,5.986001965,1.3234,5.07,12.6371177772411,1.78942373769641,2.1938856760707,0.280204182595822,1.62334081760309,0,0.000915695,0,0.000915695,0,0,6.85998815335398,6.54993415668045,7.18471916487279,2215751,6.85998815335398
"12/1/19",2019,12,2019,9.18,496798,6.013721248,1.3173,5.07,13.1159387838284,1.79404373297666,2.2170272046324,0.275584187253644,1.62334081760309,0,0,0,1,0,0,6.69027084837288,6.45398027493983,6.93521239883327,2618924,6.69027084837288
"1/1/20",2020,1,2019,9.26,144626,6.055553432,1.3082,5.07,11.881906378906,1.80097577365402,2.22570404865809,0.268652146544975,1.62334081760309,0,0,1,1,0,0,8.39399440705661,7.88306241096137,8.93804189698212,2006645,8.39399440705661
"2/1/20",2020,2,2019,9.3,173703,5.963920048,1.3283,5.07,12.0651022232372,1.78572799104469,2.23001440015921,0.283899929156321,1.62334081760309,0,0,1,1,0,0,8.15741404797298,7.66645242541992,8.6798169815059,2243386,8.15741404797298
"3/1/20",2020,3,2019,9.3,199796,5.682021948,1.3942,5.07,12.2050521249762,1.73730714614893,2.23001440015921,0.332320774070161,1.62334081760309,0,0,1,1,0,0,7.55615758382394,7.0676886563826,8.07838604775254,3435711,7.55615758382394
"4/1/20",2020,4,2020,9.3,2217338,3.836743772,1.405,3.45,14.6118179352548,1.34462403082291,2.23001440015921,0.340037302785709,1.23837423104327,0,0,1,1,0,0,5.56258895437694,5.13324138784597,6.02784742377768,2443551,5.56258895437694
"5/1/20",2020,5,2020,6.9,23137129,3.858438909,1.3971,3.45,16.9569492011594,1.35026267395359,1.93152141160321,0.334398659674304,1.23837423104327,0,0,1,1,0,0,5.18892040898173,4.75108251260045,5.66710743064113,2262090,5.18892040898173
"6/1/20",2020,6,2020,7.82,28740074,3.977440419,1.3553,3.45,17.1738030134205,1.38063850160787,2.05668455455722,0.304022832039833,1.23837423104327,0,0.237151232,1,0.237151232,0,0,5.95366825513339,5.29117237705943,6.69911376273897,2947259,5.95366825513339
"7/1/20",2020,7,2020,9.22,17391190,3.992464079,1.3502,3.45,16.6714743141215,1.38440860394696,2.2213750375685,0.300252729625633,1.23837423104327,0,0.143504924,1,0.143504924,0,0,5.87633211741468,5.40466152061411,6.38916591213943,6007500,5.87633211741468
"8/1/20",2020,8,2020,9.28,4673690,4.074238531,1.3231,3.45,15.3574594675339,1.40468386567337,2.22786154679811,0.279977468066228,1.23837423104327,0,0.038565361,1,0.038565361,0,0,6.06549028110147,5.66704127225892,6.49195419313958,8256848,6.06549028110147
"9/1/20",2020,9,2020,9.58,1035875,4.075778769,1.3226,3.45,13.8507570381513,1.40506183739089,2.25967759198277,0.279599496258425,1.23837423104327,0,0.008547613,1,0.008547613,0,0,6.30646518955528,5.87076424871764,6.77450183692179,7208050,6.30646518955528
"10/1/20",2020,10,2020,9.77,506121,4.079480097,1.3214,3.45,13.1345310501173,1.40596955309065,2.27931646605469,0.278691780613648,1.23837423104327,0,0.004176302,1,0.004176302,0,0,6.45426818761783,5.99620215811455,6.94732711460056,4728571,6.45426818761783
"11/1/20",2020,11,2020,9.9,343834,4.123479691,1.3073,3.45,12.7479142617474,1.41669739209423,2.29253475714054,0.267963941585677,1.23837423104327,0,0.002837176,1,0.002837176,0,0,6.62869116622796,6.15747207627531,7.13597171581619,4021354,6.62869116622796
"12/1/20",2020,12,2020,9.9,223489,4.206824567,1.2814,3.45,12.3171174748223,1.43670810347743,2.29253475714054,0.247953230222784,1.23837423104327,0,0,1,1,0,0,6.79134220376893,6.33843512107156,7.27661134770686,2527265,6.79134220376893
"1/1/21",2021,1,2020,9.9,71967,4.234583661,1.273,3.45,11.183962959598,1.44328501418045,2.29253475714054,0.241376319575269,1.23837423104327,0,0,1,1,0,0,7.11188871930922,6.60107652688415,7.6622291757784,2113419,7.11188871930922
"2/1/21",2021,2,2020,9.9,191390,4.243918281,1.2702,3.45,12.1620685100321,1.44548696538256,2.29253475714054,0.239174368386737,1.23837423104327,0,0,1,1,0,0,6.90708896927517,6.44553623154717,7.4016926312477,2381766,6.90708896927517
"3/1/21",2021,3,2020,9.9,615632,4.286779324,1.2575,3.45,13.3304046614022,1.45553571066695,2.29253475714054,0.229125622991757,1.23837423104327,0,0,1,1,0,0,6.73696353128341,6.3138397096783,7.18844312000362,5097557,6.73696353128341
"4/1/21",2021,4,2021,9.9,20312724,9.432972173,1.2506,7.55,16.8267580456857,2.24421122970047,2.29253475714054,0.22362343615106,2.02154756326093,1.2,0,1,1,0,0,11.5864707276749,10.8461714370708,12.37729872722,4063868,11.5864707276749
"5/1/21",2021,5,2021,13.11,26614604,9.726172809,1.2129,7.55,17.0969706456506,2.27482047955972,2.57337529777561,0.193014186332698,2.02154756326093,1.2,0,1,1,0,0,12.0582376085338,11.2366345582766,12.939914835689,1995725,12.0582376085338
"6/1/21",2021,6,2021,14.88,18490359,9.657695456,1.2215,7.55,16.7327600190753,2.26775505413165,2.70001802940495,0.200079611715658,2.02154756326093,1.2,0.130884435,1,0.130884435,0,0,12.8683046155227,11.9756459905591,13.8275015651286,4467402,12.8683046155227
"7/1/21",2021,7,2021,16.24,12491323,9.414152901,1.2531,7.55,16.3405448012319,2.24221418472086,2.78747733473353,0.225620481189102,2.02154756326093,1.2,0.08842012,1,0.08842012,0,0,12.3195129247836,11.6349659011803,13.0443354963778,7129427,12.3195129247836
"8/1/21",2021,8,2021,16.4,4835852,9.364085569,1.2598,7.55,15.3915678864437,2.23688168766893,2.79728133483015,0.230952978205692,2.02154756326093,1.2,0.034230691,1,0.034230691,0,0,12.3517352286109,11.6933669155138,13.0471714656706,6896341,12.3517352286109
"9/1/21",2021,9,2021,16.4,1502014,9.311607072,1.2669,7.55,14.2223174321682,2.23126169422252,2.79728133483015,0.23657297162587,2.02154756326093,1.2,0.010632041,1,0.010632041,0,0,12.6103063219602,11.8936726525488,13.3701195735862,5351717,12.6103063219602
"10/1/21",2021,10,2021,16.56,1109754,9.476924004,1.2448,7.55,13.9196489271052,2.24885979146255,2.80699014895711,0.21897487444199,2.02154756326093,1.2,0.007855419,1,0.007855419,0,0,13.0869665030219,12.3405319325372,13.8785502268057,5451093,13.0869665030219
"11/1/21",2021,11,2021,16.79,1226110,9.390921032,1.2562,7.55,14.0193571141288,2.23974337488498,2.82078347108945,0.228091291038143,2.02154756326093,1.2,0.008679048,1,0.008679048,0,0,12.8592071473269,12.1293489727637,13.6329830091603,4720002,12.8592071473269
"12/1/21",2021,12,2021,16.8,759392,9.21918959,1.2796,7.55,13.5402733920917,2.22128713674221,2.82137888640921,0.246547529093226,2.02154756326093,1.2,0,1,1,0,0,12.443544261312,11.7521034998884,13.1756662783561,2069959,12.443544261312
"1/1/22",2022,1,2021,16.8,430600,9.34776149,1.262,7.55,12.9729348639124,2.23513690180254,2.82137888640921,0.232697764119021,2.02154756326093,1.2,0,0,1,0,0,10.8708276823123,10.2105468790868,11.5738065647173,875851,10.8708276823123
"2/1/22",2022,2,2021,16.42,253059,9.277190154,1.2716,7.55,12.4413779421034,2.22755871582013,2.79850010402428,0.240275950054511,2.02154756326093,1.2,0,0,1,0,0,10.9289543301812,10.2376769298079,11.6669087694515,2163010,10.9289543301812
"3/1/22",2022,3,2021,15.41,715025,9.320435332,1.2657,7.55,13.4800727860998,2.23220933704871,2.73501664933202,0.235625328816266,2.02154756326093,1.2,0,0,1,0,0,10.640903832272,10.010856357114,11.3106042408847,965972,10.640903832272
"4/1/22",2022,4,2022,12.07,12212825,7.861401632,1.2621,6.35,16.3179971870569,2.06196491522509,2.49072303510944,0.232777000282448,1.8484548129046,-1.2,0,0,1,0,0,6.13186596594851,5.71137649985291,6.58331318646668,579344,6.13186596594851
"5/1/22",2022,5,2022,10.41,25744430,7.716499456,1.2858,6.35,17.0637288509959,2.04336082286046,2.34276688262688,0.251381092725449,1.8484548129046,-1.2,0,0,1,0,0,5.81341169881991,5.44233166910085,6.20979345523051,1379193,5.81341169881991
"6/1/22",2022,6,2022,8.48,15662883,7.750253867,1.2802,6.35,16.5668043311995,2.04772559986101,2.13771044980381,0.247016315725766,1.8484548129046,-1.2,-0.084207922,0,-0.084207922,0,0,5.85848139911828,5.42051581514088,6.33183362512206,824686,5.85848139911828
"7/1/22",2022,7,2022,7.53,12783300,7.658131368,1.2956,6.35,16.3636501895441,2.03576800725636,2.0188950418118,0.258973908315037,1.8484548129046,-1.2,-0.0687265,0,-0.0687265,0,0,5.82268283291966,5.42887338989766,6.24505913802798,353792,5.82268283291966
"8/1/22",2022,8,2022,7.05,6296435,7.68422785,1.2912,6.35,15.6554941581793,2.03916989699141,1.95302761682418,0.255572018533547,1.8484548129046,-1.2,-0.033851348,0,-0.033851348,0,0,6.06937604943588,5.70681622612472,6.45496966606908,903631,6.06937604943588
"9/1/22",2022,9,2022,7.26,4479156,7.442150465,1.3332,6.35,15.3149451937859,2.00715984807532,1.9823798288367,0.287582067451448,1.8484548129046,-1.2,-0.024081162,0,-0.024081162,0,0,5.86065158665359,5.54916518992928,6.1896223746374,431765,5.86065158665359
"10/1/22",2022,10,2022,7.84,3456535,7.233796296,1.3716,6.35,15.055777200166,1.97876397388543,2.05923883436232,0.315977941606628,1.8484548129046,-1.2,-0.018583273,0,-0.018583273,0,0,5.66546581131756,5.37092208889041,5.9761624406358,434558,5.66546581131756
"11/1/22",2022,11,2022,7.9,2169553,7.378504499,1.3447,6.35,14.5900317135142,1.99857097566571,2.06686275947298,0.296170939847687,1.8484548129046,-1.2,-0.011664107,0,-0.011664107,0,0,5.94941161732687,5.63487190279353,6.2815090037515,1315907,5.94941161732687
"12/1/22",2022,12,2022,7.77,1662831,7.307855196,1.3577,6.35,14.3240321294392,1.98894982386953,2.05027016437956,0.305792091624098,1.8484548129046,-1.2,0,0,1,0,0,5.84456872388409,5.53755403669316,6.168605008973,825279,5.84456872388409
"1/1/23",2023,1,2022,7.27,2895460,7.387294319,1.3431,6.35,14.8786545510128,1.9997615405849,1.98375629154543,0.294980374932892,1.8484548129046,-1.2,0,0,1,0,0,5.83678738904672,5.53093770913005,6.15954993828584,313262,5.83678738904672
"2/1/23",2023,2,2022,6.91,2480032,7.380699993,1.3443,6.35,14.7237820212837,1.9988684841144,1.93296963777958,0.29587343147807,1.8484548129046,-1.2,0,0,1,0,0,5.85841901394587,5.55040387889639,6.18352719762562,425034,5.85841901394587
"3/1/23",2023,3,2022,6.07,3502261,7.251242418,1.3683,6.35,15.0689193178915,1.98117282218477,1.80335860507141,0.313569093403627,1.8484548129046,-1.2,0,0,1,0,0,5.63400284834576,5.34900159085823,5.93418931664129,2220156,5.63400284834576
"4/1/23",2023,4,2023,5.17,14530441,2.607063404,1.3485,2.25,16.4917563860838,0.958224455330727,1.64287268852034,0.298992863597648,0.810930216216329,0,0,0,1,0,0,3.6249615734638,3.3623239025786,3.90811438452186,2595363,3.6249615734638
"5/1/23",2023,5,2023,4.65,18463829,2.599929744,1.3522,2.25,16.7313241869819,0.955484423123887,1.53686721959926,0.30173289567444,0.810930216216329,0,0,0,1,0,0,3.58473152265144,3.31793497625381,3.87298129151399,1000417,3.58473152265144
"6/1/23",2023,6,2023,4.97,27468031,2.644122292,1.3296,2.25,17.1285333773081,0.972339173567323,1.60341984010854,0.284878145119047,0.810930216216329,0,0.07738311,0,0.07738311,0,0,3.77443826708352,3.52742948984116,4.03874387087068,1067583,3.77443826708352
"7/1/23",2023,7,2023,5.29,27619454,2.65992661,1.3217,2.25,17.1340309374662,0.978298532187426,1.66581824587021,0.278918786781624,0.810930216216329,0,0.0778097,0,0.0778097,0,0,3.80139686672308,3.5590344281698,4.06026365577001,1077971,3.80139686672308
"8/1/23",2023,8,2023,5.74,14491632,2.608998145,1.3475,2.25,16.4890819373542,0.958966295153955,1.74745921033147,0.298251023801015,0.810930216216329,0,0.040825917,0,0.040825917,0,0,3.74243898109671,3.48950993262488,4.0137010060598,835063,3.74243898109671
"9/1/23",2023,9,2023,5.75,2184439,2.59935305,1.3525,2.25,14.5968696029737,0.955262587141804,1.74919985480926,0.3019547317385,0.810930216216329,0,0.006154015,0,0.006154015,0,0,3.91460983409586,3.63976848251444,4.21020463988789,250853,3.91460983409586
"10/1/23",2023,10,2023,5.75,1955859,2.565587827,1.3703,2.25,14.486340041089,0.942187624686456,1.74919985480926,0.315029693970018,0.810930216216329,0,0.005510058,0,0.005510058,0,0,3.86699547857264,3.57676586458599,4.18077520235787,437686,3.86699547857264
"11/1/23",2023,11,2023,5.63,1089692,2.562222141,1.3721,2.25,13.9014056454679,0.94087490580478,1.7281094421516,0.316342412944993,0.810930216216329,0,0.003069887,0,0.003069887,0,0,3.93239529350477,3.63165714662777,4.2580376175481,277988,3.93239529350477
"12/1/23",2023,12,2023,5.32,1079542,2.618520036,1.3426,2.25,13.8920474350815,0.962609286417125,1.67147330335355,0.294608032522514,0.810930216216329,0,0,0,1,0,0,3.96941552133507,3.70627722207194,4.25123611563181,299046,3.96941552133507
"1/1/24",2024,1,2023,5.4,1624049,2.619885983,1.3419,2.25,14.3004329716624,0.963130798887141,1.68639895357023,0.294086520124775,0.810930216216329,0,0,0,1,0,0,3.91888742930836,3.66060705702955,4.19539121362381,310091,3.91888742930836
"2/1/24",2024,2,2023,5.45,1611183,2.605903936,1.3491,2.25,14.2924792497488,0.957779615398498,1.69561560867515,0.299437703462634,0.810930216216329,0,0,0,1,0,0,3.89488733070334,3.63093576088869,4.17802691038533,739768,3.89488733070334
"3/1/24",2024,3,2023,5.45,1825878,2.59589825,1.3543,2.25,14.4175715251996,0.953932603158449,1.69561560867515,0.303284715679189,0.810930216216329,0,0,0,1,0,0,3.86107832468913,3.59410022694417,4.14788817452079,1912168,3.86107832468913
"4/1/24",2024,4,2024,5.64,18020833,3.431300783,1.3661,3,16.7070390354912,1.2329394263119,1.72988406550997,0.311959964911304,1.09861228866811,0,0,0,1,0,0,4.17582468726255,3.91557667209437,4.45337003436184,1866913,4.17582468726255
"5/1/24",2024,5,2024,6.19,35151950,3.428038613,1.3674,3,17.3751906512113,1.23198826467443,1.8229350866965,0.312911126497556,1.09861228866811,0,0,0,1,0,0,4.07999289330643,3.80853914725891,4.37079451353723,2673709,4.07999289330643
"6/1/24",2024,6,2024,6.06,24068194,3.420534151,1.3704,3,16.9964017757852,1.22979672338191,1.80170980008122,0.315102668027773,1.09861228866811,0,0.147682602,0,0.147682602,0,0,4.4202894310352,4.08325514575991,4.78514272477215,1299880,4.4202894310352
"7/1/24",2024,7,2024,6.05,17850560,3.419536037,1.3708,3,16.6975454382468,1.22950488017573,1.80005827204275,0.315394511018317,1.09861228866811,0,0.109531157,0,0.109531157,0,0,4.3996633127615,4.11328377257342,4.70598148241763,589589,4.3996633127615
"8/1/24",2024,8,2024,6.09,5248736,3.427537292,1.3676,3,15.4734978436752,1.23184201262855,1.80664808172181,0.313057378783009,1.09861228866811,0,0.03220628,0,0.03220628,0,0,4.4646650365681,4.21675089872031,4.72715471402471,317678,4.4646650365681
"9/1/24",2024,9,2024,6.67,2406014,3.460942115,1.3544,3,14.6934819942862,1.24154083957835,1.89761985992753,0.303358551836789,1.09861228866811,0,0.014763318,0,0.014763318,0,0,4.60890799765725,4.35760529710037,4.87470330206452,369921,4.60890799765725
"10/1/24",2024,10,2024,7.46,1832792,3.412813979,1.3735,3,14.4213510452057,1.22753716477672,2.00955541421567,0.317362226553191,1.09861228866811,0,0.011246024,0,0.011246024,0,0,4.56060148639118,4.29206287255087,4.84594157524819,173248,4.56060148639118
"11/1/24",2024,11,2024,8.21,1776956,3.354924134,1.3972,3,14.3904123459974,1.21042915735128,2.10535292346434,0.33447023395054,1.09861228866811,0,0.010903414,0,0.010903414,1,11.3395538,5.86398524165029,5.00110324107019,6.87574746146094,196780,5.86398524165029
"12/1/24",2024,12,2024,8.38,1442957,3.292477348,1.4237,3,14.1822050382822,1.19164027473312,2.12584791449399,0.353259116637563,1.09861228866811,0,0,0,1,1,11.3395538,5.64877630476134,4.80653875275724,6.63859699933324,542005,5.64877630476134
"1/1/25",2025,1,2025,8.62,1461644.1,3.257470466,1.439,3,14.1950724560045,1.18095096351375,2.1540850846756,0.363948427905231,1.09861228866811,0,0,0,1,1,11.3395538,5.56853452043863,4.73168349731013,6.55339198468039,NA,5.56853452043863
"2/1/25",2025,2,2025,9.11,1450064.7,3.282037689,1.428228571,3,14.1871187340909,1.18846447614858,2.20937271127187,0.356434914834052,1.09861228866811,0,0,0,1,1,11.3395538,5.6246142292277,4.78408937077821,6.61281234018515,NA,5.6246142292277
