date,cpi_index,canada_to_us_crab_vol_lbs,canada_to_us_crab_price_usd,food_home_cpi,wholesale_price_usd,exchange_rate_cad_usd,diesel_price_cad,dock_price_cad,raw_material_cost_cad,crab_price_58oz_usd,shrimp_price_2125_usd,lobster_price_4oz_usd,income_per_capita_usd,food_bev_sales_b_usd,gas_price_se_usd,trucking_index_ca,canada_to_japan_crab_vol_lbs,canada_to_japan_crab_price_usd,canada_to_china_crab_vol_lbs,canada_to_china_crab_price_usd,norway_to_us_crab_vol_lbs,norway_to_japan_crab_vol_lbs,russia_to_us_crab_vol_lbs,russia_to_china_crab_vol_lbs,russia_to_japan_crab_vol_lbs,us_snow_crab_production_lbs,us_to_japan_crab_vol_lbs,us_to_china_crab_vol_lbs,norway_to_us_crab_price_usd,norway_to_japan_crab_price_usd,russia_to_us_crab_price_usd,russia_to_china_crab_price_usd,russia_to_japan_crab_price_usd,us_to_japan_crab_price_usd,us_to_china_crab_price_usd,Unnamed: 36,us_domestic_crab_vol_lbs,food_at_home_sales_b_usd,grocery_sales_sa_b_usd,food_service_sales_sa_b_usd,total_food_sales_sa_b_usd,grocery_sales_sa_b_usd_yoy_growth,food_service_sales_sa_b_usd_yoy_growth,total_food_sales_sa_b_usd_yoy_growth,japan_from_us_crab_vol_lbs,japan_from_us_crab_price_usd,japan_from_china_crab_vol_lbs,japan_from_china_crab_price_usd,japan_from_russia_crab_vol_lbs,japan_from_russia_crab_price_usd,japan_from_norway_crab_vol_lbs,japan_from_norway_crab_price_usd,us_from_canada_crab_vol_lbs,us_from_canada_crab_price_usd,us_from_china_crab_vol_lbs,us_from_china_crab_price_usd,us_from_norway_crab_vol_lbs,us_from_norway_crab_price_usd,us_from_russia_crab_vol_lbs,us_from_russia_crab_price_usd,US_Domestic
1/1/00,100.6,422617,3.64,100.6,4.41,1.4486,,,,4.41,7.638,14.5,25467,24.608,1.24,,19198,4.15,10759,4.71,,,,,,,,,,,,,,,,,,,32.239,24.608,56.847,,,,74441.19892,6.843616269,58801.62464,7.630605493,937183.962,4.23433089,,,422621.2448,3.660478547,,,,,236244.8746,2.120647065,
2/1/00,100.6,316658,3.61,100.6,4.5,1.4512,,,,4.5,7.7,14.5,25627,24.887,1.329,,65323,3.49,11188,3.79,,,,,,,,,,,,,,,,,,,32.567,24.887,57.454,,,,66702.98272,2.177278947,31468.74588,6.303492384,147753.6324,4.409732535,,,316660.5937,3.635526563,,,,,699770.6388,2.208879473,
3/1/00,100.7,36012,4.39,100.7,4.25,1.4608,,,,4.25,7.7,14.5,25785,25.367,1.472,,0,0,58692,3.09,,,,,,,,,,,,,,,,,,,33.117,25.367,58.484,,,,217188.1393,5.988987263,3677.30616,6.402512866,556040.4379,5.016850951,,,36012.4677,4.410528079,,,,,,,
4/1/00,100.8,942092,3.84,100.8,4.21,1.4689,,,,4.21,7.7,14.5,25870,25.215,1.414,,3539990,4.17,13702,2.84,,,,,,,,,,,,,,,,,,,33.541,25.215,58.756,,,,1030518.754,5.925538933,57639.7899,6.80470905,611793.0731,4.554966577,,,942100.2646,3.858978855,,,,,,,
5/1/00,101.3,8660873,3.89,101.3,4.18,1.4957,,,,4.18,7.7,14.15,25978,25.193,1.419,,8589810,4.2,1150208,3.34,,,,,,,,,,,,,,,,,,,33.221,25.193,58.414,,,,4024458.853,4.995571761,55089.04456,9.182315722,1153159.56,4.320148028,,,8660951.083,3.920899527,,,,,,,
6/1/00,101,11175874,3.91,101,4.19,1.477,,,,4.19,7.9,14.25,26116,25.262,1.509,,7221556,3.88,4134716,3.3,,,,,,,,,,,,,,,,,,,33.644,25.262,58.906,,,,395861.5672,4.746684588,92913.7099,6.432032481,3942535.174,4.652213662,,,11175974.96,3.948093221,,,,,329213.7,3.603094282,
7/1/00,101.4,12894278,3.85,101.4,4.14,1.4778,,,,4.14,8.075,14.25,26297,25.454,1.504,,5684245,3.54,4245754,3.44,,,,,,,,,,,,,,,,,,,33.479,25.454,58.933,,,,300216.3331,4.905908965,19947.40176,8.502711383,5145693.311,4.10689342,,,12894394.68,3.878504748,,,22645.85664,1.865374345,433805.282,2.640622527,
8/1/00,101.7,8547067,3.91,101.7,4.29,1.4828,,,,4.29,8.1,14.25,26434,25.342,1.412,,2656608,3.83,1515981,3.21,,,,,,,,,,,,,,,,,,,33.554,25.342,58.896,,,,215768.364,4.691090858,82130.91348,7.867342181,4446480.441,4.307928766,,,8547144.189,3.939068917,,,,,445798.4148,2.627449899,
9/1/00,101.9,3824703,4.12,101.9,4.3,1.4864,,,,4.3,7.838,14.12,26554,25.711,1.458,,521462,3.51,123201,3.62,,,,,,,,,,,,,,,,,,,33.729,25.711,59.44,,,,29270.73974,5.996841951,63603.287,5.984863644,2365228.772,4.146579019,,,3824737.918,4.16701519,,,,,48345.11198,3.524823773,
10/1/00,101.9,4184875,3.93,101.9,4.27,1.5125,,,,4.27,7.8,14,26641,25.706,1.444,,164924,3.4,77369,2.95,,,,,,,,,,,,,,,,,,,33.867,25.706,59.573,,,,98085.74842,5.377193002,70472.88292,6.646542338,2341110.229,3.912127625,,,4184913.301,3.972218491,,,40399.6615,4.428353936,309643.2882,3.877778223,
11/1/00,101.6,1998197,3.91,101.6,4.18,1.5426,,,,4.18,7.8,14,26667,25.698,1.427,,32130,2.98,39970,3.11,,,,,,,,,,,,,,,,,,,34.071,25.698,59.769,,,,43199.5289,9.243596173,159753.3791,5.365438935,2296638.634,3.874421891,,,1998214.657,3.941832762,,,,,401426.0281,2.235173948,
12/1/00,102.4,1665046,3.81,102.4,4.07,1.5219,,,,4.07,7.8,14,26741,25.133,1.364,,17769,4.11,295594,2.3,,,,,,,,,,,,,,,,,,,34.558,25.133,59.691,,,,471912.1387,5.000009125,199837.7799,5.989433032,1821986.153,3.498553483,,,1665061.301,3.887193219,,,,,15954.83494,2.889155555,
1/1/01,103.1,795100,3.92,103.1,4.01,1.5032,,,,4.01,7.8,14,26976,26.18,1.378,,0,0,0,0,,,,,,,,,,,,,,,,,,,34.229,26.18,60.409,6.172648035,6.38816645,6.265941914,1296.31656,9.115057513,85120.3782,5.883961169,764522.5328,3.240463026,,,795107.2261,3.972955969,,,,,1326958.573,2.865060053,
2/1/01,103.4,726045,3.92,103.4,3.92,1.5216,,,,3.92,7.8,14,27031,26.069,1.402,,0,0,3400,4.02,,,,,,,,,,,,,,,,,,,34.602,26.069,60.671,6.248656616,4.749467594,5.599262018,298188.0827,5.309675643,23624.70792,6.652103405,581104.7627,3.11615584,,,726051.9138,3.966378912,,,,,238101.1646,2.277242116,
3/1/01,103.5,743076,3.91,103.5,3.75,1.5587,,,,3.75,7.8,14,27095,26.122,1.348,,0,0,5000,4.49,,,,,,,,,,,,,,,,,,,34.477,26.122,60.599,4.106652173,2.976307801,3.616373709,977771.0162,4.295429022,120486.8922,8.050967055,323869.7011,2.046745953,,,743082.6033,3.962972605,,,,,,,
4/1/01,103.6,1814794,3.13,103.6,3.525,1.5578,,,,,8.175,14,27065,26.045,1.477,,565458,3.31,0,0,,,,,,,,,,,,,,,,,,,34.727,26.045,60.772,3.535970901,3.291691453,3.431138948,1571098.192,4.414741252,99699.53026,5.54501108,874378.7474,3.601209441,,,1814810.115,3.166319139,,,,,26393.71064,2.107282328,
5/1/01,103.9,12803545,3.15,103.9,3.3,1.5411,,,,3.3,8.36,14.35,27067,26.278,1.56,,6306844,3.31,26896,2.95,,,,,,,,,,,,,,,,,,,34.781,26.278,61.059,4.69582493,4.306751876,4.528024104,576995.351,4.153291696,72787.73392,5.163452408,1414453.327,3.229125282,,,12803661.34,3.174460251,,,,,,,
6/1/01,104.1,16442079,3.12,104.1,3.26,1.5245,,,,3.26,8.4,14.04,27101,26.379,1.487,,3721344,3.36,1975033,3.43,,,,,,,,,,,,,,,,,,,34.866,26.379,61.245,3.632148377,4.421660993,3.970733032,461413.7383,4.091438645,37407.99216,6.189773538,3821446.42,3.482380894,,,16442227.92,3.141880665,,,,,63883.27374,2.654967256,
7/1/01,104.2,16329785,3.12,104.2,3.25,1.5308,,,,3.25,8.4,13.89,27473,26.507,1.302,,1404114,3.08,4418087,3.11,,,,,,,,,,,,,,,,,,,34.792,26.507,61.299,3.921861465,4.136874362,4.01472859,461978.121,3.374339453,100640.903,5.585909737,6586375.002,3.32924803,,,16329933.4,3.141844596,,,,,649732.3787,3.066382507,
8/1/01,104.2,13982082,3.16,104.2,3.25,1.5399,,,,3.25,8.306,13.75,27902,26.853,1.286,,1626706,3.32,2635853,3.36,,,,,,,,,,,,,,,,,,,35.043,26.853,61.896,4.437622936,5.962433904,5.093724531,25366.35772,4.78972982,58413.61152,7.115345023,3351494.189,3.350253758,,,13982209.31,3.177560643,,,,,989124.8092,3.0732886,
9/1/01,104.3,5965310,3.3,104.3,3.38,1.5679,,,,3.38,7.386,13.75,27543,26.239,1.365,,708886,2.98,275631,3.42,,,,,,,,,,,,,,,,,,,35.152,26.239,61.391,4.218921403,2.053595737,3.28230148,1752.6729,7.28544385,202060.0369,5.298232232,2410549.145,3.927417128,,,5965364.413,3.328669738,,,,,1419369.63,3.073042362,
10/1/01,104.9,3147904,3.21,104.9,3.43,1.5717,,,,3.43,6.444,13.75,27132,26.541,1.212,,0,0,110359,3.14,,,,,,,,,,,,,,,,,,,35.27,26.541,61.811,4.142675761,3.248268887,3.756735434,112850.0886,3.669363536,296261.2448,4.562635254,2838362.27,3.487295863,,,3147932.806,3.242263616,,,,,627007.1557,2.901675018,
11/1/01,104.6,2570176,3.34,104.6,3.45,1.5922,,,,3.45,6.033,13.67,27123,26.597,1.064,,0,0,0,0,,,,,,,,,,,,,,,,,,,35.414,26.597,62.011,3.94176866,3.498326718,3.751108434,,,368096.5829,4.425634672,3637757.482,3.791014126,,,2570198.907,3.379675004,,,,,476061.2336,3.251573308,
12/1/01,104.6,1686517,3.22,104.6,3.45,1.5788,,,,3.45,6.125,13.25,27125,27.156,1.009,,0,0,0,0,,,,,,,,,,,,,,,,,,,35.208,27.156,62.364,1.880895885,8.049178371,4.478062019,60651.30082,3.895646042,301711.0655,3.137084145,2556406.804,3.018535621,,,1686532.095,3.261362778,,,,,303935.5271,3.348094939,
1/1/02,105.4,1433263,3.37,105.4,3.45,1.5997,,,,3.45,6.13,13.03,27699,27.201,1.055,,37051,2.85,32086,4,,,,,,,,,,,,,,,,,,,35.13,27.201,62.331,2.632270881,3.899923606,3.181645119,29191.37342,4.391571378,145414.5306,6.004028597,854830.3819,3.095157889,,,1433276.373,3.419519147,,,,,1057205.679,3.376254091,
2/1/02,105.3,1711565,3.26,105.3,3.45,1.5964,,,,3.45,5.963,13.19,27770,27.384,1.047,,18750,3.17,80687,2.72,,,,,,,,,,,,,,,,,,,35.114,27.384,62.498,1.479683255,5.044305497,3.011323367,1105030.501,3.847434072,81447.48128,5.78985369,906762.4106,2.923153815,,,1711580.988,3.309257955,,,,,475825.3392,3.486863484,
3/1/02,105.4,1298939,3.44,105.4,3.45,1.5877,,,,3.45,5.775,13.57,27847,27.203,1.172,,0,0,37501,2.68,,,,,,,,,,,,,,,,,,,35.16,27.203,62.363,1.981030832,4.138274252,2.910939124,1394314.124,3.849902909,37676.9558,2.874117553,490911.5539,2.888829951,,,1298951.081,3.500040199,,,,,67031.4711,2.953806574,
4/1/02,105.6,3250295,3.27,105.6,3.49,1.5815,,,,3.49,5.422,13.75,28037,27.5,1.343,,3900503,3.33,0,0,,,,,,,,,,,,,,,,,,,34.827,27.5,62.327,0.287960377,5.58648493,2.558744158,2024074.85,4.063760291,125923.4852,4.972630794,899515.8247,3.288463548,,,3250324.177,3.28906085,,,,,220115.8747,1.703130229,
5/1/02,105,13881985,3.24,105,3.41,1.5502,,,,3.41,5.289,13.4,28146,27.378,1.326,,10017608,3.54,61780,3.48,,,,,,,,,,,,,,,,,,,34.941,27.378,62.319,0.460021276,4.186011112,2.063577851,263590.9811,3.842555599,117863.3944,5.5832093,2145225.333,3.513929696,,,13918109.98,3.265549422,,,,,414413.4445,1.928528166,
6/1/02,104.5,17730681,3.11,104.5,3.35,1.5318,,,,3.35,5.3,13.72,28241,27.586,1.297,,7027606,3.41,4199194,3.28,,,,,,,,,,,,,,,,,,,34.933,27.586,62.519,0.192164286,4.575609386,2.08016981,104997.2321,3.760641991,156415.5844,5.219089921,2296995.783,3.845010978,,,17727843.25,3.128002217,,,,,441920.4882,2.179165768,
7/1/02,104.6,18936786,3.21,104.6,3.39,1.5456,,,,3.39,5.3,14,28207,27.616,1.302,,5650541,3.41,4556604,3.21,,,,,,,,,,,,,,,,,,,35.044,27.616,62.66,0.724304438,4.183800506,2.220264605,61096.63406,4.162406062,86597.4736,5.603431368,5903646.076,4.026285738,,,18903957.32,3.22814107,,,,,588205.8437,2.913075445,
8/1/02,104.3,12810961,3.44,104.3,3.73,1.5694,,,,3.73,5.3,14,28245,27.607,1.308,,2039615,3.45,1154862,3.02,,,,,,,,,,,,,,,,,,,34.874,27.607,62.481,-0.482264646,2.807879939,0.945133773,90124.8656,3.820377403,131020.5666,5.502014063,3822830.922,4.010408599,,,12811077.68,3.464202942,,,,,1186275.157,2.606665057,
9/1/02,104.6,4719308,3.52,104.6,4.16,1.5761,,,,4.16,5.3,14,28298,27.784,1.313,,660971,4.23,241618,2.56,,,,,,,,,,,,,,,,,,,34.865,27.784,62.649,-0.816454256,5.888181714,2.0491603,93418.56788,3.102894923,199842.1891,5.468690093,2230998.278,4.062455399,,,4719350.668,3.549821401,,,,,1416596.218,2.873321945,
10/1/02,104.5,2286613,3.65,104.5,4.29,1.578,,,,4.29,5.3,14,28400,27.623,1.388,,299236,1.25,61438,2.79,,,,,,,,,,,,,,,,,,,34.99,27.623,62.613,-0.793875815,4.076711503,1.297503681,149545.9885,4.527964989,288626.6458,4.566272793,3118002.884,3.89848164,,,2286634.069,3.681439945,,,,,1131538.852,2.525163847,
11/1/02,104.6,1242978,3.52,104.6,4.3,1.5715,,,,4.3,5.3,14,28483,27.916,1.361,,116592,1.42,2416,4.48,,,,,,,,,,,,,,,,,,,35.157,27.916,63.073,-0.7257017,4.959205925,1.712599378,88244.32474,4.036146246,340810.0012,4.654446743,1765047.432,4.252303855,,,1242989.007,3.57172829,,,,,440244.977,3.064641439,
12/1/02,104.8,1020481,3.66,104.8,4.3,1.5592,,,,4.3,5.3,14,28569,28.017,1.329,,0,0,69351,2.33,,,,,,,,,,,,,,,,,,,35.257,28.017,63.274,0.139172915,3.17057004,1.459175165,51515.35554,4.237979098,349553.5241,4.719471801,2320025.243,3.994423779,,,1020489.938,3.700209928,,,,,417753.4438,2.868337815,
1/1/03,105.2,707542,3.51,105.2,4.39,1.5414,,,,4.39,5.3,14.44,28609,28.018,1.409,,0,0,99464,3.92,,,,,,,,,,,,,,,,,,,35.669,28.018,63.687,1.534301167,3.003566045,2.175482505,22024.1538,4.240526145,320214.4411,4.182291077,2113064.336,4.053618176,,,707548.5382,3.556481095,,,,,1038182.013,2.816341414,
2/1/03,105.6,223458,3.81,105.6,4.48,1.5121,,,,4.48,5.3,14.81,28619,27.979,1.555,,21574,3.82,107154,3.73,,,,,,,,,,,,,,,,,,,35.57,27.979,63.549,1.298627328,2.172801636,1.681653813,315251.8415,5.506039209,76639.20506,5.255560776,868909.0852,3.852110718,,,223460.2832,3.861227542,,,,,716576.4571,3.010672453,
3/1/03,105.7,135942,3.35,105.7,4.5,1.4761,,,,4.5,5.4,15,28740,28.505,1.594,,19498,3.87,2403,4.76,,,,,,,,,,,,,,,,,,,35.549,28.505,64.054,1.106370876,4.786236812,2.711543704,936299.9094,4.725078958,143441.3957,6.104479086,411655.4649,3.699061788,,,135943.4831,3.375365922,,,,,1000529.308,2.817614613,
4/1/03,105.4,1656270,3.6,105.4,4.425,1.4582,,,,,5.444,,28828,28.403,1.485,,57285,4.44,0,0,,,,,,,,,,,,,,,,,,,35.638,28.403,64.041,2.328653057,3.283636364,2.750012033,1293256.547,5.220039298,174566.2208,6.006918148,579281.542,4.017431648,,,1656284.709,3.613529104,,,,,602500.5998,2.710384024,
5/1/03,105.8,15878770,3.89,105.8,4.35,1.384,,,,4.35,5.55,14.96,28993,29.048,1.386,,1102048,4.64,147604,4.34,,,,,,,,,,,,,,,,,,,35.225,29.048,64.273,0.812798718,6.099788151,3.135480351,77827.49524,5.284083713,116238.5895,7.209817356,1627454.893,4.127893822,,,15878914.44,3.915223187,,,,,277056.8,2.511401994,
6/1/03,106.3,26013284,3.89,106.3,4.29,1.3525,,,,4.29,5.55,15.25,29073,29.23,1.402,,7475985,4.18,1057422,3.89,,,,,,,,,,,,,,,,,,,35.676,29.23,64.906,2.126928692,5.959544697,3.818039316,47573.49498,7.031121008,142641.1186,7.058497646,3080515.526,4.140721542,,,26013519.51,3.902590957,,,,,2011876.687,2.970688531,
7/1/03,106.2,22375374,3.95,106.2,4.3,1.3821,,,,4.3,5.55,15.25,29480,29.395,1.457,,3288094,4.39,4011629,3.79,,,,,,,,,,,,,,,,,,,35.957,29.395,65.352,2.605296199,6.441917729,4.296201724,102289.9588,4.472511335,139724.4064,7.199758626,4895310.208,4.324588249,,,22375576.84,3.969295658,,,,,775457.448,2.699485324,
8/1/03,106.6,15097264,4.13,106.6,4.55,1.3963,,,,4.55,5.575,15.25,29753,29.844,1.548,,1693425,4.48,2197986,4.08,,,,,,,,,,,,,,,,,,,35.89,29.844,65.734,2.913345186,8.103017351,5.20638274,34967.47782,6.666480242,122354.2054,6.892995606,3719321.808,4.409773568,,,15097400.9,4.15650458,,,,,853106.3691,3.336392862,
9/1/03,106.9,6823953,4.2,106.9,4.67,1.3634,,,,4.67,5.444,15.75,29480,29.503,1.572,,167452,3.65,486891,3.74,,,,,,,,,,,,,,,,,,,35.918,29.503,65.421,3.020220852,6.187014109,4.424651631,14418.2148,2.977969228,168827.595,7.253209999,2358251.149,4.540840361,,,6824015.402,4.232388015,,,,,813760.5159,3.110780077,
10/1/03,107.5,2419661,4.36,107.5,4.75,1.3221,,,,4.75,5.094,15.72,29569,30.045,1.468,,106098,1.92,533411,3.54,,,,,,,,,,,,,,,,,,,35.763,30.045,65.808,2.209202629,8.768055606,5.102774184,43726.43308,7.395778188,237638.1944,6.208585297,2910074.149,4.50232892,,,2431442.329,4.384426015,,,586.42892,4.776367441,1600245.473,2.950217375,
11/1/03,107.7,1407996,4.33,107.7,4.75,1.313,,,,4.75,4.662,15.65,29760,30.229,1.435,,0,0,333948,1.84,,,,,,,,,,,,,,,,,,,35.679,30.229,65.908,1.484768325,8.285570999,4.494791749,54676.78062,6.962425287,280634.8983,5.294975818,2227720.008,4.519362829,,,1408009.223,4.362000546,,,,,1608720.032,2.77340613,
12/1/03,108.6,1522364,4.3,108.6,4.75,1.3128,,,,4.75,4.41,15.72,29828,29.795,1.429,,7251,0.76,0,0,,,,,,,,,,,,,,,,,,,35.808,29.795,65.603,1.562810222,6.346146982,3.680816765,38973.27236,7.601209292,255213.4251,6.221945415,2668306.702,4.200261534,,,1510618.852,4.360027013,,,,,1746438.235,2.73156869,
1/1/04,108.6,1215894,4.08,108.6,4.75,1.2958,,,,4.75,4.588,15.75,29908,30.341,1.55,,0,0,0,0,,,,,,,,,,,,,,,,,,,36.402,30.341,66.743,2.055005747,8.291098579,4.798467505,18818.63632,4.683123607,113850.986,6.446118962,1816562.788,3.892850304,,,1215905.25,4.122418255,,,,,806368.4251,2.597259435,
2/1/04,108.6,514044,4.43,108.6,4.75,1.3299,,,,4.75,4.775,15.75,30008,30.461,1.607,,0,0,0,0,,,,,,,,,,,,,,,,,,,35.89,30.461,66.351,0.899634523,8.870938918,4.409196053,459919.0059,4.699716629,32846.63338,7.7136368,1002030.655,3.754324264,,,514049.0408,4.472137515,,,,,561338.1398,2.577793842,
3/1/04,108.7,552762,4.38,108.7,4.75,1.3286,,,,4.75,4.933,15.75,30158,30.703,1.675,,0,0,298,9.25,,,,,,,,,,,,,,,,,,,36.365,30.703,67.068,2.295423219,7.710927907,4.705404815,1239801.126,5.635633693,86116.86644,6.952412747,645708.9472,3.564073272,,,552766.5772,4.417584385,,,,,869200.0951,2.524033318,
4/1/04,108.6,1462082,3.27,108.6,4.75,1.342,,,,4.75,5,,30293,30.56,1.736,,96915,5.17,0,0,,,,,,,,,,,,,,,,,,,36.312,30.56,66.872,1.891239688,7.594268211,4.42060555,576658.0442,6.487609144,152019.5721,7.98872792,991239.0398,4.461922728,,,1462095.166,3.282417666,,,,,994464.3988,2.509377915,
5/1/04,110,20566731,3.98,110,4.29,1.3789,,,,4.29,4.975,14.85,30518,30.712,1.905,,2957512,4.51,92775,4.36,,,,,,,,,,,,,,,,,,,36.528,30.712,67.24,3.69907736,5.728449463,4.616246324,98747.13442,6.908463765,187361.8353,6.146054227,2049057.604,4.160234434,,,20566917.62,3.995462739,,,,,756378.6666,2.035122179,
6/1/04,109.9,25074102,4.08,109.9,4.35,1.3578,,,,4.35,4.95,15.07,30601,30.825,1.912,,5780122,4.4,6089788,4.31,,,,,,,,,,,,,,,,,,,36.508,30.825,67.333,2.332100011,5.456722545,3.73925369,166358.4206,6.334359249,138051.0998,7.986491971,4914433.082,4.376946972,,,25074329.35,4.09965956,,,,,1196866.152,3.136792693,
7/1/04,109.7,17957730,4.12,109.7,4.41,1.3225,,,,4.41,5.272,15.3,30672,31.191,1.858,,2025666,4.18,4756371,4.4,,,,,,,,,,,,,,,,,,,36.526,31.191,67.717,1.582445699,6.109882633,3.618863998,69672.60586,6.821332346,82113.27652,7.808079609,4594966.007,4.348366009,,,17957893.15,4.141049141,,,,,1194042.034,2.668095352,
8/1/04,109.4,13142181,4.18,109.4,4.45,1.3127,,,,4.45,5.389,15.34,30754,31.036,1.811,,1065590,4.78,468364,4.56,,,,,,,,,,,,,,,,,,,36.68,31.036,67.716,2.201170242,3.994102667,3.015182402,87355.86288,5.744663076,113436.5175,6.173523443,2831177.413,4.36698101,,,13142299.79,4.206547018,,,,,1985831.307,2.514339452,
9/1/04,109.2,3023596,4.1,109.2,4.45,1.2881,,,,4.45,5.233,16.14,30802,31.43,1.821,,193709,4.98,375844,4.47,,,,,,,,,,,,,,,,,,,36.951,31.43,68.381,2.875995323,6.531539166,4.52454105,58731.0768,7.669295789,141523.3763,4.860299536,3029549.121,4.098691754,,,3023623.102,4.117679876,,,,,1160814.001,2.728213992,
10/1/04,110.2,2935229,4.09,110.2,4.41,1.2469,,,,4.41,5.088,17.03,30915,31.625,1.944,,8940,3.76,125245,1.66,,,,,,,,,,,,,,,,,,,37.078,31.625,68.703,3.676984593,5.258778499,4.399161196,20985.77778,7.33439578,135211.5492,6.674156203,2387565.981,4.018009586,,,2935255.319,4.118477164,,,,,1518074.877,3.128244906,
11/1/04,110.1,1932533,3.85,110.1,4.39,1.1968,,,,4.39,4.956,17.11,30910,31.659,1.938,,0,0,77801,2.17,,,,,,,,,,,,,,,,,,,37.286,31.659,68.945,4.504050001,4.73055675,4.607938338,35007.16098,7.902697398,302414.3393,7.024187428,2979250.716,3.954094544,,,1932550.05,3.895541023,,,,,860264.7702,3.318622474,
12/1/04,110,1223447,4.02,110,4.17,1.2189,,,,4.17,4.8,17,32038,32.111,1.828,,0,0,846249,3.97,,,,,,,,,,,,,,,,,,,37.423,32.111,69.534,4.510165326,7.773116295,5.99210402,27703.25492,8.224159965,250713.7956,6.050771941,2219419.614,2.968739196,,,1223458.278,4.073905166,,,,,947300.9632,2.942026989,
1/1/05,110.5,960597,4.29,110.5,4.15,1.2248,,,,4.15,4.8,17,30868,32,1.815,,0,0,122002,3.95,,,,,,,,,,,,,,,,,,,37.628,32,69.628,3.367946816,5.467848785,4.322550679,,,152237.8295,6.737720864,1442811.354,2.597401932,,,960605.8449,4.334304254,,,,,695114.4814,3.15029259,
2/1/05,110,1163844,4.16,110,3.91,1.2401,,,,3.91,4.8,17.38,30945,32.469,1.872,,0,0,837424,2.73,,,,,,,,,,,,,,,,,,,37.553,32.469,70.022,4.633602675,6.592035718,5.532697322,174546.3793,4.730639521,58010.16606,6.763107687,1383983.274,2.768032007,,,1163854.172,4.192904161,,,,,1069090.786,2.619746646,
3/1/05,110.1,1794659,3.6,110.1,3.71,1.216,,,,3.71,4.8,17.5,31128,32.273,2.044,,42194,4.09,248488,3.29,,,,,,,,,,,,,,,,,,,37.645,32.273,69.918,3.519868005,5.113506823,4.249418501,770807.9045,4.378154376,67064.5404,8.01873832,868558.5506,2.866026704,,,1794675.32,3.633983221,,,,,698965.9525,2.776910654,
4/1/05,111,2078301,3.46,111,3.52,1.2359,,,,3.52,4.675,17.5,31290,32.823,2.217,,0,0,380961,3.61,,,,,,,,,,,,,,,,,,,38.049,32.823,70.872,4.783542631,7.405104712,5.981576744,705950.1887,5.861278977,132010.441,5.476960721,753955.7892,2.960478628,,,2078319.525,3.477367129,,,,,1465876.089,2.512552751,
5/1/05,111.2,16133915,3.18,111.2,3.4,1.2555,,,,3.4,4.6,17.2,31416,32.746,2.127,,4435171,3.63,1094821,3.4,,,,,,,,,,,,,,,,,,,37.908,32.746,70.654,3.777923784,6.622818442,5.07733492,467974.6874,4.918821599,97602.93664,6.040719883,2373280.044,3.931688561,,,16134061.73,3.193364254,,,,,335968.6557,2.464613844,
6/1/05,110.6,27005140,3.21,110.6,3.2,1.2402,,,,3.2,4.606,17.25,31474,33.009,2.114,,4667402,3.72,7067281,3.18,,,,,,,,,,,,,,,,,,,38.143,33.009,71.152,4.478470472,7.085158151,5.671810256,322956.9884,4.779540482,266454.7824,4.564598124,5222599.275,3.623160423,,,27005384.66,3.225450298,,,,,540744.7844,2.478631396,
7/1/05,110.7,14412963,3.26,110.7,3.25,1.2229,,,,3.25,4.6,17.25,31612,33.056,2.236,,1248772,3.43,4421685,3.26,,,,,,,,,,,,,,,,,,,37.96,33.056,71.016,3.925970542,5.979288897,4.871745647,142012.8019,4.717849313,109613.7064,5.391533773,4811327.414,3.547311486,,,14413093.47,3.276500642,,,,,882890.7853,2.445205042,
8/1/05,110.5,8782586,3.29,110.5,3.25,1.2043,,,,3.25,4.6,17.25,31764,33.261,2.448,,441743,3.88,1428852,3.26,,,,,,,,,,,,,,,,,,,38.32,33.261,71.581,4.471101418,7.169093955,5.707661409,379743.5904,4.378251647,111379.607,4.216876074,3710057.995,3.698837598,,,8782665.948,3.305674629,,,,,1653024.076,2.416895832,
9/1/05,110.8,4976812,3.33,110.8,3.33,1.1777,,,,3.33,4.6,17.25,31929,33.283,2.916,,85187,4.85,487004,2.85,,,,,,,,,,,,,,,,,,,38.577,33.283,71.86,4.400422181,5.895641107,5.087670552,133110.5464,3.928914833,102878.5923,5.156534398,1984905.366,3.432598912,,,4976856.898,3.360602353,,,,,1102951.544,2.537466867,
10/1/05,111.3,1968979,3.42,111.3,3.31,1.1774,,,,3.31,4.6,17.59,32129,33.618,2.793,,88822,7.53,1027179,2.75,,,,,,,,,,,,,,,,,,,38.559,33.618,72.177,3.994282324,6.301976285,5.056547749,230272.559,4.268997593,161827.9265,4.617552831,2237510.726,3.261784588,,,1968996.828,3.449507334,,,,,1317134.787,2.365524798,
11/1/05,111.2,1865449,3.31,111.2,3.23,1.1815,,,,3.23,4.544,17.75,32240,34.022,2.257,,302558,4.9,262976,1.31,,,,,,,,,,,,,,,,,,,38.508,34.022,72.53,3.277369522,7.463912316,5.19979694,143500.9204,3.92631628,186382.984,5.068982047,2207311.841,3.163648593,,,1865465.668,3.347341152,,,,,928041.4029,2.336415157,
12/1/05,111.5,2095635,3.24,111.5,3.08,1.1615,,,,3.08,4.367,17.75,32312,33.932,2.159,,1080,3.29,140230,3.45,,,,,,,,,,,,,,,,,,,38.847,33.932,72.779,3.805146568,5.670953879,4.666781718,101511.7279,4.214133764,271007.3227,4.747163239,1895607.233,2.93724296,,,2095654.452,3.300592802,,,,,1500717.903,2.71562363,
1/1/06,112.5,1856187,3.26,112.5,2.95,1.1572,,,,2.95,4.3,17.75,32771,34.983,2.322,,0,0,178200,3.22,,,,,,,,,,,,,,,,,,,38.254,34.983,73.237,1.663654725,9.321875,5.183259608,,,88090.00134,5.548631996,1155403.863,2.913623631,,,1856204.06,3.313149741,,,,,321993.5695,1.96240565,
2/1/06,112.1,1465863,3.01,112.1,2.98,1.1489,,,,2.98,4.35,17.75,32909,34.535,2.262,,0,0,266588,2.07,,,,,,,,,,,,,,,,,,,38.889,34.535,73.424,3.557638538,6.362992393,4.858473051,286660.1247,4.637704673,33796.8246,4.905993446,730897.6686,2.810584967,,,1465876.089,3.039877677,,,,,470269.6968,1.887368049,
3/1/06,112.1,1151321,2.59,112.1,3.14,1.1573,,,,3.14,4.35,17.75,33076,34.796,2.411,,108456,6.23,0,0,,,,,,,,,,,,,,,,,,,38.866,34.796,73.662,3.243458627,7.817680414,5.354844246,1183861.098,3.853283131,58971.38038,6.487977686,763369.5166,2.974007935,,,1151331.93,2.631322836,,,,,998675.223,2.435332272,
4/1/06,111.5,10328234,2.94,111.5,3.06,1.1441,,,,,4.35,17.75,33196,34.862,2.758,,78185,3.27,456999,2.12,,,,,,,,,,,,,,,,,,,38.891,34.862,73.753,2.212935951,6.212107364,4.065075065,1661143.691,3.834007878,62534.0463,6.305988871,1156435.626,4.064291082,,,10328327.23,2.954305988,,,,,915602.9368,2.312051343,
5/1/06,111.7,33712651,2.91,111.7,2.9,1.11,,,,2.9,4.356,16.95,33239,34.91,2.841,,4873362,3.34,6487480,2.91,,,,,,,,,,,,,,,,,,,39.242,34.91,74.152,3.519046112,6.608440726,4.950887423,1022780.538,3.447957669,179019.5532,4.128331161,3516898.009,3.957330285,,,33712956.45,2.925450284,,,,,316248.3298,1.759731033,
6/1/06,111.8,14052716,2.95,111.8,2.98,1.1137,4.88,,,2.98,4.456,17.57,33336,34.695,2.802,,2863873,3.22,6906010,2.91,,,,,,,,,,,,,,,,,,,39.372,34.695,74.067,3.222085311,5.107697901,4.096863054,666419.1475,3.197694736,162431.9924,4.34191559,5809464.71,3.634822665,,,14052843.13,2.973802996,,,,,291885.0741,1.943497802,
7/1/06,112,11388221,3.05,112,3.11,1.1294,5.07,,,3.11,4.688,17.86,33407,34.802,2.922,,517280,3.22,3917375,2.91,,,,,,,,,,,,,,,,,,,39.411,34.802,74.213,3.822444679,5.281945789,4.501802411,97104.69252,4.65724146,165315.6353,5.216881019,6237440.977,3.652384221,,,11388323.96,3.076082847,,,,,386551.4569,2.669491943,
8/1/06,112.1,8409848,3.17,112.1,3.37,1.1182,5.08,,,3.37,4.89,17.95,33456,35.367,2.907,,187561,3.88,1763845,2.83,,,,,,,,,,,,,,,,,,,39.705,35.367,75.072,3.614300626,6.331739876,4.876992498,195642.388,4.069613993,159565.9864,4.057888619,4456586.419,3.688806062,,,8409924.231,3.189563219,,,,,1058162.485,2.414010171,
9/1/06,112.7,3743303,3.21,112.7,3.52,1.1161,4.52,,,3.52,4.9,17.93,33516,35.725,2.514,,17092,1.1,668616,1.96,,,,,,,,,,,,,,,,,,,39.356,35.725,75.081,2.019337947,7.337078989,4.482326746,88325.89568,6.272826284,165509.6419,4.678488765,2892882.522,3.629798624,,,3743336.734,3.242640688,,,,,371086.0476,2.416070358,
10/1/06,113.2,1308809,3.04,113.2,3.57,1.1285,4.52,,,3.57,4.7,17.75,33560,35.784,2.173,,0,0,0,0,,,,,,,,,,,,,,,,,,,40.002,35.784,75.786,3.742316969,6.442976977,5.000207822,114805.5865,3.632793601,128994.5208,4.825561551,2222614.108,3.610099913,,,1308821.165,3.086848004,,,,,643749.04,2.451298413,
11/1/06,112.7,866470,3.31,112.7,3.81,1.1359,4.57,,,3.81,4.45,17.75,33681,35.923,2.174,,0,0,249475,2.42,,,,,,,,,,,,,,,,,,,39.989,35.923,75.912,3.845954087,5.58756099,4.662898111,92946.7792,4.853594755,176885.4811,5.259905982,2260643.803,3.874059676,,,866477.3894,3.345918815,,,,,842801.9752,2.733260087,
12/1/06,112.7,843656,3.29,112.7,4.11,1.1532,4.62,,,4.11,4.263,17.75,33932,36.881,2.275,,0,0,0,0,,,,,,,,,,,,,,,,,,,40.153,36.881,77.034,3.361906968,8.690911234,5.846466701,115546.3388,4.580560539,144733.303,5.772126958,1378436.45,3.527577204,,,843663.9816,3.338442865,,,,,776242.2928,3.165232071,
1/1/07,114.075,403515,3.46,114.075,4.24,1.1763,4.4,,,4.24,4.2,17.75,34014,36.435,2.196,74.6,0,0,0,0,,,,,,,,,,,,,,,,,,,40.253,36.435,76.688,5.225597323,4.150587428,4.712099076,,,11856.44636,3.674119435,830281.9382,3.125916488,,,403518.2125,3.511058377,,,,,1680725.126,2.995000147,
2/1/07,114.93,290665,3.27,114.93,4.1,1.171,4.57,,,,4.112,17.75,34208,36.053,2.2,74.4,0,0,296405,1.59,,,,,,,,,,,,,,,,,,,40.646,36.053,76.699,4.517987091,4.395540756,4.460394421,331299.2705,4.442158891,8884.6186,5.26527948,746647.4739,3.579911663,,,290668.1239,3.349916692,,,,,907128.3775,2.873424605,
3/1/07,115.24,85684,3.81,115.24,4.1,1.1682,4.74,,,,4.072,17.75,34423,36.579,2.491,74.8,0,0,0,0,,,,,,,,,,,,,,,,,,,40.572,36.579,77.151,4.389440642,5.124152201,4.736499145,255178.1511,4.866404096,6269.93928,7.521922924,347090.9636,3.948898542,,,85684.76092,3.828382042,,,,,835826.5575,2.750693884,
4/1/07,115.327,5302923,3.78,115.327,4.1,1.135,4.88,,,,3.981,17.75,34530,36.627,2.786,74.9,60757,3.83,0,0,,,,,,,,,,,,,,,,,,,40.416,36.627,77.043,3.921215705,5.062819115,4.460835491,514108.5655,4.759397458,18825.25018,6.600974692,1648559.72,4.109882654,,,5302970.902,3.801674264,,,,,708875.7194,2.732141823,
5/1/07,116.106,34747547,3.76,116.106,3.96,1.0951,4.77,,,3.96,3.965,,34625,36.732,3.018,74.6,5133574,4.54,2637176,3.59,,,,,,,,,,,,,,,,,,,40.74,36.732,77.472,3.817338566,5.219134918,4.477289891,299980.4388,4.075902432,23062.52982,7.01041912,3449304.36,4.14414256,,,34747862.39,3.779542393,,,,,554589.798,3.247659814,
6/1/07,116.277,21854709,3.89,116.277,4.17,1.0651,4.8,,,4.17,4.156,,34652,37.078,2.964,74.6,3770593,4.48,7907706,3.52,,,,,,,,,,,,,,,,,,,40.87,37.078,77.948,3.804734329,6.868424845,5.239850406,55501.3085,6.900576047,9016.8958,5.647952591,5760098.859,4.080295942,,,21854907.33,3.906123221,,,,,755787.8284,2.969332021,
7/1/07,116.293,15855455,4.09,116.293,4.44,1.0502,4.78,,,4.44,4.372,,34712,37.272,2.889,75.1,724012,4.48,7222297,3.94,,,,,,,,,,,,,,,,,,,41.044,37.272,78.316,4.143513232,7.097293259,5.528680959,16737.47504,4.562396647,29506.63408,5.540381175,5669171.512,4.278253877,,,15855598.38,4.112591807,,,,,939130.6415,2.911323387,
8/1/07,116.716,7009400,4.04,116.716,4.63,1.0579,4.76,,,4.63,4.45,19.75,34717,37.189,2.709,75,54741,6.46,1073557,4.09,,,,,,,,,,,,,,,,,,,40.954,37.189,78.143,3.145699534,5.151695083,4.090739557,47357.44222,6.296666079,23768.00822,8.411937515,4802436.182,4.32492577,,,7009463.627,4.063128866,,,,,1652131.205,3.752161439,
9/1/07,117.34,2254168,4.27,117.34,4.65,1.0267,4.93,,,4.65,4.425,19.75,34875,37.427,2.739,74.9,11559,4.57,379451,3.59,,,,,,,,,,,,,,,,,,,41.095,37.427,78.522,4.418640106,4.764170749,4.583050306,42372.7964,5.489135005,16882.97996,8.46947638,1286814.648,4.259565283,,,2254188.676,4.305993151,,,,,1197379.828,3.305404773,
10/1/07,118.007,961521,4.1,118.007,4.65,0.9754,4.91,,,4.65,4.289,19.56,34923,37.759,2.774,75.4,4425,5.02,358732,4.2,,,,,,,,,,,,,,,,,,,41.379,37.759,79.138,3.442327884,5.51922647,4.422980498,21949.19672,7.121946283,62454.67998,5.935231757,1373099.065,4.987837493,,,961529.5807,4.138802466,,,,,1301206.407,2.952526962,
11/1/07,117.998,561997,4.5,117.998,4.65,0.9672,5.21,,,4.65,4.267,19.5,35048,37.727,3.049,76.1,0,0,33001,3.21,,,,,,,,,,,,,,,,,,,41.868,37.727,79.595,4.698792168,5.021852295,4.851670355,36539.37188,8.139302476,58702.41674,9.001196703,1688258.313,4.77772977,,,562001.7304,4.538744032,,,,,546595.8458,3.294928078,
12/1/07,118.145,535929,4.59,118.145,4.56,1.0021,5.23,,,4.56,4.533,19.5,35249,38.109,2.991,76.9,0,0,148204,1.36,,,,,,,,,,,,,,,,,,,41.998,38.109,80.107,4.594924414,3.329627722,3.989147649,67520.89674,5.456829186,84547.177,8.421191875,1155106.24,4.558095887,,,535934.3035,4.671259114,,,,,503929.835,2.547733654,
1/1/08,119.751,408027,4.34,119.751,4.52,1.0099,5.21,,,4.52,4.744,20.53,35361,37.824,3.046,78,0,0,7434,6.78,,,,,,,,,,,,,,,,,,,42.159,37.824,79.983,4.735050804,3.812268423,4.296630503,740.75232,8.047224206,66361.26662,6.890058362,654426.0147,4.320277521,,,408031.0696,4.372669468,,,,,822303.4184,2.432069423,
2/1/08,119.984,392353,4.45,119.984,4.59,0.9986,5.38,,,4.59,4.8,21.25,35420,37.249,3.025,78.2,0,0,24840,6.81,,,,,,,,,,,,,,,,,,,42.016,37.249,79.265,3.370565369,3.317338363,3.345545574,98114.40848,5.801563795,,,381681.4514,4.33134226,,,392356.2214,4.474454346,,,,,887143.4972,2.549036325,
3/1/08,119.905,276329,4.61,119.905,4.68,1.0029,5.95,,,4.68,4.819,21.25,35507,37.552,3.235,79.5,0,0,0,0,,,,,,,,,,,,,,,,,,,42.168,37.552,79.72,3.933747412,2.659996173,3.329833703,191352.1975,4.847198057,,,341546.3443,3.950737646,,,276331.48,4.635421921,,,,,513899.1266,2.108022652,
4/1/08,121.423,4145730,4.08,121.423,4.7,1.0137,6.21,,,4.7,4.883,21.25,35419,37.729,3.434,81,0,0,939,6.7,,,,,,,,,,,,,,,,,,,42.584,37.729,80.313,5.364212193,3.008709422,4.244383007,1027643.93,4.792730105,,,1650616.631,5.225227856,,,4145768.068,4.097412764,,,,,428875.7517,2.701549331,
5/1/08,122.007,20027825,4.09,122.007,4.02,0.9993,6.58,,,4.02,4.956,,37292,38.089,3.738,81.8,2268360,4.81,3071807,4.3,,,,,,,,,,,,,,,,,,,42.549,38.089,80.638,4.440353461,3.694326473,4.086637753,497968.5425,4.920931326,9726.78344,10.62643171,3297540.523,4.835834734,,,20028007.08,4.10946879,,,,,348122.7257,2.528148653,
6/1/08,122.541,26608775,4.08,122.541,4.19,1.0166,6.74,,,4.19,5,19.5,36589,38.144,3.975,83.4,5487520,4.61,13301725,4.02,,,,,,,,,,,,,,,,,,,42.683,38.144,80.827,4.436016638,2.875020228,3.693487966,584870.2537,5.046375639,,,6458147.689,4.7634897,,,26609016.03,4.092898845,,,,,634147.9199,2.754116106,
7/1/08,123.904,14313714,4.12,123.904,4.3,1.013,6.67,,,4.3,5.12,19.5,36173,38.267,3.993,84.2,1508558,4.39,6661498,4.03,,,,,,,,,,,,,,,,,,,42.899,38.267,81.166,4.519540006,2.669564284,3.639103121,111767.6201,6.655738031,1117.74234,4.530561131,5800644.025,4.679230596,,,14313843.68,4.144609186,,,,,1527082.954,2.540243796,
8/1/08,124.668,6570222,4.15,124.668,4.29,1.0535,6.16,,,4.29,5.2,19.28,35910,38.239,3.717,83.2,167876,4.19,1998810,3.84,,,,,,,,,,,,,,,,,,,43.063,38.239,81.302,5.149680129,2.823415526,4.042588588,238356.9005,6.474341613,54365.9292,5.093392205,2655744.777,4.835290316,,,6570281.276,4.167801932,,,,,1557821.971,3.441841302,
9/1/08,125.473,3782223,4.09,125.473,4.23,1.0582,5.9,,,4.23,5.167,18.1,35994,38.386,3.76,82.3,0,0,300241,3.53,,,,,,,,,,,,,,,,,,,42.834,38.386,81.22,4.231658353,2.562321319,3.435979725,180906.708,7.054708001,21371.58628,2.504025639,1798855.28,5.315138526,,,3782257.095,4.102343815,,,,,1560842.3,3.931993642,
10/1/08,126.021,2251439,4.22,126.021,4.13,1.1847,5.46,,,4.13,4.556,16.81,35996,38.12,3.134,80.6,18459,3.56,520430,3.63,,,,,,,,,,,,,,,,,,,42.768,38.12,80.888,3.356775176,0.956063455,2.211327049,184826.5223,6.820563327,,,1194101.558,5.429681382,,,2251459.357,4.234046674,,,,,513947.6283,3.172039154,
11/1/08,125.606,1282469,4.11,125.606,4.04,1.2171,4.89,,,4.04,4.044,15.06,35850,38.018,2.117,79,0,0,160137,3.28,,,,,,,,,,,,,,,,,,,42.496,38.018,80.514,1.499952231,0.771330877,1.154595138,47004.70302,6.562939029,38836.58592,4.950151911,2302736.613,5.003978282,,,1282480.365,4.12914002,,,,,609524.5191,2.701435214,
12/1/08,125.333,575967,4.32,125.333,3.91,1.2337,4.23,,,3.91,3.95,14.44,35461,38.066,1.664,77.2,9026,5.78,379,3.62,,,,,,,,,,,,,,,,,,,42.136,38.066,80.202,0.328587076,-0.112834239,0.118591384,70916.01154,6.129504333,,,2763821.863,5.331633778,36376.23,9.858443275,575972.4073,4.343940731,,,,,246670.5226,2.211103274,
1/1/09,125.97,735759,4.42,125.97,3.99,1.2248,4.3,,,3.99,3.95,14.25,35649,38.256,1.744,75.7,0,0,41579,3.67,,,,,,,,,,,,,,,,,,,42.771,38.256,81.027,1.451647335,1.14213198,1.305277371,7815.3779,6.033873295,42782.85572,3.208317857,697491.0617,6.053280438,,,735765.4696,4.451164312,,,,,725081.881,2.88752354,
2/1/09,125.183,669087,3.99,125.183,4,1.2452,4.07,,,4,3.95,14.25,35345,37.945,1.895,75.2,0,0,0,0,,,,,,,,,,,,,,,,,,,42.101,37.945,80.046,0.202303884,1.868506537,0.985302466,59260.1856,4.553141325,24841.65816,0.947440781,723789.9737,3.356714086,,,669093.3515,4.019605028,,,,,311920.6607,2.724721723,
3/1/09,124.403,851209,4.19,124.403,3.9,1.2645,4.14,,,3.9,3.95,14.25,35285,37.447,1.93,74.5,0,0,1764,5.38,,,,,,,,,,,,,,,,,,,42.069,37.447,79.516,-0.234775185,-0.279612271,-0.255895635,912633.3137,3.94005341,,,360314.2743,4.231858432,,,851217.0097,4.252870841,,,,,885578.217,2.705610813,
4/1/09,123.674,8180428,3.61,123.674,3.5,1.2242,4.23,,,3.5,3.856,14.25,35536,37.738,2.021,74.8,21541,2.98,0,0,,,,,,,,,,,,,,,,,,,42.288,37.738,80.026,-0.69509675,0.02385433,-0.357351861,656560.0868,4.114605889,,,1263633.068,3.838470297,,,8180502.655,3.643260843,,,,,631217.9799,2.110530819,
5/1/09,123.295,29042657,3.36,123.295,3.17,1.1528,4.21,,,3.17,3.763,13.25,36068,37.755,2.21,73.8,2940729,3.59,3756138,3.04,,,,,,,,,,,,,,,,,,,42.3,37.755,80.055,-0.585207643,-0.876893591,-0.722984201,444491.0752,4.097762816,27879.62452,3.789649316,1898806.137,4.037231528,,,29042920.92,3.38354039,,,,,288963.9526,2.723678828,
6/1/09,122.988,29155630,3.44,122.988,3.2,1.1264,4.55,,,3.2,3.794,13.36,35598,37.714,2.555,74.3,2935039,3.76,6758472,3.42,,,,,,,,,,,,,,,,,,,42.53,37.714,80.244,-0.358456528,-1.127307047,-0.721293627,262499.6942,4.7777389,,,4374470.938,4.059261852,,,29155894.47,3.462716025,,,,,899568.7356,3.009997895,
7/1/09,122.329,17958683,3.34,122.329,3.16,1.1229,4.42,,,3.16,3.944,13.5,35417,37.715,2.47,74.9,875134,3.91,5486435,2.96,,,,,,,,,,,,,,,,,,,42.48,37.715,80.195,-0.976712744,-1.442496146,-1.196313727,383187.2068,5.587973612,,,5216249.969,4.370002614,,,17958845.54,3.363409628,,,,,1708961.899,2.947805918,
8/1/09,122.097,7218401,3.24,122.097,3.1,1.0872,4.61,,,3.1,3.906,13.5,35423,37.645,2.534,74.7,262827,3.43,999253,2.95,,,,,,,,,,,,,,,,,,,42.401,37.645,80.046,-1.537282586,-1.553387902,-1.544857445,201147.3242,6.036441225,21971.24292,5.005952572,3699729.35,4.01079852,,,7218466.012,3.256800539,,,,,1405434.227,2.789632503,
9/1/09,121.901,3285674,3.24,121.901,3.1,1.0816,4.43,,,3.1,3.7,13.75,35554,37.474,2.436,74.8,13468,5.58,186734,2.65,,,,,,,,,,,,,,,,,,,42.691,37.474,80.165,-0.333846944,-2.375866201,-1.298941148,229866.9089,5.456957706,,,2788112.366,4.173143859,,,3285703.919,3.263416079,,,,,841011.8237,2.825926976,
10/1/09,122.045,1536018,3.42,122.045,3.1,1.0547,4.6,,,3.1,3.511,13.75,35551,37.5,2.458,74.5,2500,3.79,59847,4.13,,,,,,,,,,,,,,,,,,,42.763,37.5,80.263,-0.011690984,-1.626442812,-0.772673326,302418.7485,5.940547697,,,1501169.85,4.228871236,,,1536031.506,3.440086338,,,,,766680.8558,2.597769313,
11/1/09,121.293,1002191,3.78,121.293,3.19,1.0593,4.63,,,3.19,3.413,13.75,35703,37.7,2.61,75.2,0,0,81540,3.49,,,,,,,,,,,,,,,,,,,42.808,37.7,80.508,0.734186747,-0.836445894,-0.00745212,288851.517,6.259704012,,,1495417.997,4.38364057,,,1002200.41,3.801521093,,,,,1783138.544,1.706659312,
12/1/09,121.543,345752,3.64,121.543,3.29,1.0537,4.6,,,3.29,3.625,13.95,35865,37.659,2.575,74.9,0,0,192839,3.08,,,,,,,,,,,,,,,,,,,43.192,37.659,80.851,2.506170496,-1.069195608,0.809206753,331733.5806,6.287015008,,,1469568.827,4.237977755,,,345754.9638,3.669804147,,,,,1283135.137,2.499641626,
1/1/10,122.569,617676,3.4,122.569,3.4,1.0438,4.67,,,3.4,3.906,14.16,35934,37.66,2.689,75.2,75226,1.86,129755,3.72,,,,,,,,,,,,,,,,,,,43.028,37.66,80.688,0.600874424,-1.557925554,-0.418379059,15619.7327,4.238676888,,,989120.4,3.119156172,,,617681.6131,3.424902013,,,,,469083.6113,2.375391025,
2/1/10,122.505,542422,3.45,122.505,3.45,1.0572,4.67,,,3.45,4.15,14.5,35926,38.267,2.62,75.5,0,0,250800,3.26,,,,,,,,,,,,,,,,,,,43.735,38.267,82.002,3.881142966,0.848596653,2.443594933,147731.5862,4.246018175,,,614061.6271,3.374750853,,,542426.9094,3.475576096,,,,,517962.2413,2.445801835,
3/1/10,122.757,252089,2.6,122.757,3.65,1.0229,4.74,,,3.65,4.278,14.78,36096,38.376,2.747,75.4,0,0,96155,3.19,,,,,,,,,,,,,,,,,,,43.304,38.376,81.68,2.935653331,2.480839587,2.721464862,742337.4418,3.678316418,,,622022.5099,3.690462907,,,252091.6831,2.626211193,,,,,696580.5537,2.645752871,
4/1/10,122.778,6195803,3.79,122.778,3.315,1.0052,4.84,1.35,2.11,,4.589,15,36406,38.658,2.801,75.5,631581,4.74,0,0,,,,,,,,,,,,,,,,,,,43.186,38.658,81.844,2.123533863,2.437861042,2.271761677,1381104.041,3.674235142,,,866228.2673,4.263961521,,,6195859.639,3.799409827,,,,,549177.4559,2.413054261,
5/1/10,122.757,20919743,3.9,122.757,3.82,1.0403,4.75,1.35,2.11,3.82,5.162,14.75,36669,38.659,2.789,75.7,3461252,4.63,5277262,3.82,,,,,,,,,,,,,,,,,,,43.224,38.659,81.883,2.184397163,2.39438485,2.283430142,441530.2705,4.075562017,27899.4661,3.666270875,898067.3893,4.692608873,,,20919932.39,3.919128296,,,,,715015.5861,2.30550219,
6/1/10,122.387,21566336,3.89,122.387,3.97,1.0376,4.71,1.35,2.11,3.97,5.856,14.89,36644,38.877,2.627,75.2,810054,4.48,10340167,3.66,,,,,,,,,,,,,,,,,,,42.92,38.877,81.797,0.916999765,3.083735483,1.935347191,266044.7231,4.320999066,,,4056613.236,4.566760232,,,21566532.01,3.908123289,,,,,1290189.921,3.246053881,
7/1/10,122.127,18843587,4.16,122.127,4.49,1.0422,4.67,1.35,2.11,4.49,6.056,15,36680,39.033,2.604,75.2,1253497,4.53,3481902,3.78,,,,,,,,,,,,,,,,,,,43.052,39.033,82.085,1.346516008,3.494630784,2.356755409,126137.3333,3.971163706,,,5967050.947,4.690203125,,,18843757.96,4.178093571,,,,,2199630.945,2.894383721,
8/1/10,122.261,8138296,4.29,122.261,4.99,1.0404,4.74,1.35,2.11,4.99,6.1,15,36813,39.44,2.622,75.3,174037,3.83,286185,3.61,,,,,,,,,,,,,,,,,,,43.258,39.44,82.698,2.021178746,4.768229513,3.31309497,306153.3748,5.04776732,,,4817520.192,5.261783032,,,8138370.162,4.310407649,,,,,1599282.054,3.585802757,
9/1/10,122.691,1476831,4.24,122.691,5.12,1.033,4.78,1.35,2.11,5.12,6.078,15.06,36819,39.345,2.604,75.3,14994,6.65,167734,2.25,,,,,,,,,,,,,,,,,,,43.646,39.345,82.991,2.237005458,4.992795005,3.525229215,271188.1016,5.615382796,,,2152732.064,5.142700844,,,1476844.073,4.261672653,,,,,1855095.136,3.433682659,
10/1/10,122.837,1093647,4.98,122.837,5.31,1.0179,4.89,1.35,2.11,5.31,6.444,15.75,36917,39.479,2.722,75.3,0,0,0,0,,,,,,,,,,,,,,,,,,,43.493,39.479,82.972,1.707083226,5.277333333,3.375154181,124411.1158,6.737733958,,,1282599.414,6.558838173,,,1093656.867,5.00370104,,,,,1654390.94,3.719198316,
11/1/10,122.532,345141,4.42,122.532,5.5,1.0129,4.97,1.35,2.11,5.5,6.6,16.36,37006,39.71,2.781,75.8,0,0,47622,3.14,,,,,,,,,,,,,,,,,,,44.121,39.71,83.831,3.067183704,5.331564987,4.12754012,180168.1603,5.4623969,25007.00466,8.71719756,2129367.501,6.15450785,,,345144.2841,4.446969197,,,,,787580.6534,3.321766461,
12/1/10,122.78,139159,4.98,122.78,5.5,1.0081,5.09,1.35,2.11,5.5,6.572,16.62,37290,39.469,2.947,76.4,0,0,0,0,,,,,,,,,,,,,,,,,,,44.184,39.469,83.653,2.296721615,4.806288006,3.465634315,28027.33406,7.168573349,38005.44418,8.027165754,1299519.873,6.329367616,,,139160.0236,4.998468539,,,,,781645.8164,3.489140405,
1/1/11,124.439,189532,5.28,124.439,5.52,0.9939,5.22,1.35,2.11,5.52,6.4,16.65,37555,39.7,3.049,77.6,0,0,0,0,,,,,,,,,,,,,,,,,,,44.639,39.7,84.339,3.744073626,5.416887945,4.524836407,18342.4384,4.264154977,28629.19532,5.140451848,1489626.46,5.794390897,,,189533.386,5.298311929,,,,,908795.0703,3.339208254,
2/1/11,125.207,116107,5.91,125.207,5.6,0.9876,5.42,1.35,2.11,5.6,6.306,16.65,37749,40.382,3.157,78.1,0,0,0,0,,,,,,,,,,,,,,,,,,,44.961,40.382,85.343,2.803246827,5.52695534,4.074290871,633883.3655,6.438290105,,,816725.7298,5.73380491,,,116108.5169,5.923208893,,,,,601391.6759,3.444030044,
3/1/11,126.419,402353,3.82,126.419,5.73,0.9766,5.72,1.35,2.11,,6.145,16.65,37784,40.614,3.512,79.4,0,0,0,0,,,,,,,,,,,,,,,,,,,45.068,40.614,85.682,4.073526695,5.831769856,4.899608227,2899423.63,6.000220465,8095.36464,8.115014323,782880.4036,5.995105994,,,402356.3777,3.83818944,,,,,515984.6971,2.500864865,
4/1/11,126.831,10424517,5.99,126.831,5.73,0.958,5.8,2.15,3.36,,5.794,16.65,37858,40.624,3.716,79.9,133843,5.06,362290,6.03,,,,,,,,,,,,,,,,,,,45.769,40.624,86.393,5.981104988,5.08562264,5.558134989,2224459.375,5.9488306,1419.77528,9.903679968,2023991.074,5.844302453,,,10424611.81,6.015342456,,,,,553461.0325,2.354846906,
5/1/11,127.38,30376822,5.83,127.38,5.86,0.968,5.59,2.15,3.36,5.86,5.567,,37905,41.05,3.823,79.8,4902791,6.38,7521453,5.64,,,,,,,,,,,,,,,,,,,45.365,41.05,86.415,4.953266704,6.184846996,5.534726378,547215.3441,7.433548865,6790.2296,6.650585129,2927320.891,6.2196649,,,30377097.42,5.857532915,,,,,517170.7827,2.384852434,
6/1/11,127.36,16263500,5.79,127.36,5.85,0.9766,5.62,2.15,3.36,5.85,5.5,16.75,38030,41.499,3.576,79.5,1272589,6.38,7304977,5.36,,,,,,,,,,,,,,,,,,,45.791,41.499,87.29,6.689189189,6.744347558,6.71540521,231385.8921,7.968484955,3439.2072,10.75771184,6025583.608,6.570779624,,,16263647.09,5.812117817,,,,,424100.5448,4.040482902,
7/1/11,128.078,12318571,5.81,128.078,5.85,0.9553,5.68,2.15,3.36,5.85,5.5,17,38214,41.516,3.597,79.5,448396,7.18,2498920,5.66,,,,,,,,,,,,,,,,,,,45.797,41.516,87.313,6.376010406,6.361284042,6.369007736,588362.3717,8.226771854,,,5774010.011,6.85865922,,,12318682.42,5.825188567,,,,,1954104.62,3.738924173,
8/1/11,128.931,4995227,5.47,128.931,5.79,0.9817,5.6,2.15,3.36,5.79,5.411,16.36,38262,41.718,3.605,79.8,308643,6.67,696974,4.97,,,,,,,,,,,,,,,,,,,46.034,41.718,87.752,6.417310093,5.775862069,6.111393262,506654.7453,8.10774603,2204.62,4.172147581,4717886.8,7.002137058,,,4995272.088,5.493781823,,,,,1349527.268,4.305224604,
9/1/11,129.702,1740651,5.77,129.702,5.75,1.0025,5.63,2.15,3.36,5.75,5.3,15.53,38233,42.013,3.526,80,2284,6.79,230423,4.18,,,,,,,,,,,,,,,,,,,45.887,42.013,87.9,5.134491133,6.781039522,5.915099228,676051.1322,7.188889669,,,2008435.275,7.017822368,,,1740666.539,5.786155919,,,,,735615.5554,4.494333998,
10/1/11,129.939,786533,5.69,129.939,5.72,1.0198,5.73,2.15,3.36,5.72,5.287,15.44,38238,42.162,3.372,80.1,12904,8.71,404582,3.75,,,,,,,,,,,,,,,,,,,46.001,42.162,88.163,5.766445175,6.796018136,6.256327436,420643.7006,8.627551048,,,1955526.6,6.462818762,,,786540.0728,5.706177162,,,,,503151.6041,3.664175936,
11/1/11,129.259,580511,5.68,129.259,5.53,1.0248,5.84,2.15,3.36,5.53,5.211,14.97,38266,42.192,3.331,81,38676,6.29,161048,3.98,,,,,,,,,,,,,,,,,,,46.138,42.192,88.33,4.571519231,6.250314782,5.36674977,410396.6269,8.540718346,70219.35162,7.935091782,3209659.961,5.699535223,,,580516.1292,5.692391363,,,,,1028181.857,4.031649626,
12/1/11,129.388,473667,5.41,129.388,5.15,1.0235,5.66,2.15,3.36,5.15,5.117,14.5,38611,41.864,3.234,81.1,39480,6.33,151422,4.94,,,,,,,,,,,,,,,,,,,46.078,41.864,87.942,4.286619591,6.068053409,5.12713232,113235.8971,7.061241362,,,1502818.906,6.06257478,,,473671.4255,5.427418378,,,,,938839.6316,4.000293419,
1/1/12,130.407,938602,5.37,130.407,5.09,1.013,5.78,2.15,3.36,5.09,5.05,14.5,38926,42.905,3.391,81.4,0,0,436736,3.45,,,,,,,,,,,,,,,,,,,46.248,42.905,89.153,3.604471426,8.073047859,5.707916859,15229.51496,9.155905514,,,1013082.415,5.042791115,,,938610.3511,5.392053256,,,,,679027.3692,2.688499879,
2/1/12,130.063,451771,4.89,130.063,5.33,0.9967,5.89,2.15,3.36,5.33,4.794,14.72,39182,42.95,3.616,81.7,150,8,73079,3.71,,,,,,,,,,,,,,,,,,,46.353,42.95,89.303,3.096016548,6.359268981,4.640099364,889802.269,5.842295734,,,1350100.47,4.492053841,,,451775.1396,4.909789861,,,,,607430.1301,3.035191882,
3/1/12,130.179,106478,5.35,130.179,5.4,0.9938,5.97,2.15,3.36,5.4,4.667,14.75,39345,42.942,3.787,82.1,0,0,76390,4.32,,,,,,,,,,,,,,,,,,,46.8,42.942,89.742,3.843081566,5.732013591,4.738451483,1265180.712,5.415379745,,,606175.7013,5.232230512,,,106478.7368,5.372481093,,,,,203332.1026,2.394083343,
4/1/12,130.365,16196837,4.97,130.365,4.19,0.9928,5.9,1.95,3.05,,4.65,14.75,39527,43.365,3.862,82.3,1385428,5.63,1435936,4.93,,,,,,,,,,,,,,,,,,,46.879,43.365,90.244,2.425222312,6.747243009,4.457537069,2196921.467,5.916710358,,,1507353.81,5.736856168,,,16196983.79,4.982589417,,,,,106871.1591,2.964410629,
5/1/12,130.168,27095991,4.85,130.168,4.72,1.0097,5.66,1.95,3.05,4.72,4.565,15.25,39448,43.313,3.574,81.8,4453584,5.57,6832424,4.76,,,,,,,,,,,,,,,,,,,46.873,43.313,90.186,3.324148573,5.512789281,4.363825725,1017906.123,5.701319471,,,1235907.767,6.694060203,,,27096237.05,4.87149329,,,,,475084.5869,2.430714512,
6/1/12,130.135,15045306,4.93,130.135,4.75,1.028,5.4,1.95,3.05,4.75,4.525,15.16,39360,43.542,3.321,81.3,1575641,5.63,4250659,4.89,,,,,,,,,,,,,,,,,,,46.889,43.542,90.431,2.397851106,4.923010193,3.598350326,931403.4484,5.642841466,18135.20412,7.714718791,3129603.595,5.991978355,,,15045442.42,4.949087832,,,,,363453.6532,5.50357104,
7/1/12,129.802,12220955,4.84,129.802,4.72,1.0142,5.6,1.95,3.05,4.72,4.489,14.34,39056,43.719,3.306,80.9,673630,5.7,2087493,4.63,,,,,,,,,,,,,,,,,,,46.91,43.719,90.629,2.430290194,5.306387899,3.797830793,1724131.889,5.876190251,,,6096764.174,5.702383921,,,12221066.26,4.864830838,,,,,1194304.383,2.601331824,
8/1/12,130.008,4860923,4.82,130.008,4.65,0.9924,5.82,1.95,3.05,4.65,4.45,13.61,39045,43.712,3.626,81.3,172569,5.98,418570,4.1,,,,,,,,,,,,,,,,,,,47.059,43.712,90.771,2.226615111,4.779711396,3.440377427,960200.1948,6.928301031,11843.21864,8.867184099,2986689.103,5.590835679,,,4860966.638,4.83683406,,,,,1682195.608,2.591673632,
9/1/12,130.031,1928095,4.88,130.031,4.74,0.9783,5.83,1.95,3.05,4.74,4.544,13.53,39412,44.085,3.773,82.1,5595,5.65,235271,4.08,,,,,,,,,,,,,,,,,,,47.131,44.085,91.216,2.711007475,4.931806822,3.772468714,760937.8207,7.325116256,,,2016938.495,5.772176509,,,1928112.15,4.899726916,,,,,784809.4461,3.892176649,
10/1/12,130.435,688726,5.29,130.435,4.93,0.9872,5.86,1.95,3.05,4.93,4.65,13.75,39770,43.752,3.621,82.1,12368,6.37,506748,3.81,,,,,,,,,,,,,,,,,,,47.402,43.752,91.154,3.045585966,3.771168351,3.392579654,1176832.77,7.766864787,30992.54796,7.663648704,2989689.591,4.609465157,,,688732.1065,5.311002588,,,,,1052351.106,3.294527824,
11/1/12,130.261,385607,5.25,130.261,5.04,0.997,5.84,1.95,3.05,5.04,5.011,13.64,40243,44.52,3.326,82,347365,5.67,312583,4.55,,,,,,,,,,,,,,,,,,,47.31,44.52,91.83,2.540205471,5.517633675,3.962413676,895417.4361,7.979672622,,,2787821.356,4.693051788,,,385610.0842,5.265396532,,,,,718141.7373,3.430239286,
12/1/12,130.524,262729,5.17,130.524,5.01,0.9898,5.69,1.95,3.05,5.01,5.383,13.14,41202,44.538,3.266,82.1,0,0,277701,4.05,,,,,,,,,,,,,,,,,,,47.142,44.538,91.68,2.309128,6.387349513,4.250528758,720247.1494,7.720659505,,,2618566.065,4.128204037,,,262731.1793,5.19328541,,,,,1184295.409,2.690545768,
1/1/13,131.336,239975,4.96,131.336,5.04,0.9921,5.74,1.95,3.05,5.04,5.811,13.11,38847,45.148,3.362,82.5,0,0,183553,4.03,,,,,,,,,,,,,,,,,,,47.236,45.148,92.384,2.136308597,5.227828924,3.624106872,84683.86344,8.457018503,,,1016966.955,4.474989061,,,239977.2962,4.981546249,,,,,1239527.753,3.146104627,
2/1/13,131.226,165356,5.44,131.226,5.26,1.0098,5.96,1.95,3.05,5.26,6.263,13.5,38875,44.875,3.643,83.2,0,0,331236,3.71,,,,,,,,,,,,,,,,,,,47.729,44.875,92.604,2.968524152,4.481955763,3.696404376,156415.5844,7.484471606,,,670629.9717,4.677809124,,,165357.5231,5.455312725,,,,,771063.6404,3.474588685,
3/1/13,131.145,197907,5.44,131.145,5.3,1.0244,5.77,1.95,3.05,5.3,6.494,13.66,38922,45.062,3.679,83.4,0,0,0,0,,,,,,,,,,,,,,,,,,,47.625,45.062,92.687,1.762820513,4.936891621,3.28162956,889716.2888,5.538237371,,,754387.8947,4.887887287,,,197908.7374,5.452371705,,,,,511793.7145,5.403282458,
4/1/13,131.191,6689120,5.22,131.191,4.14,1.0187,5.6,2,3.13,,6.572,13.75,38987,44.73,3.487,82.5,0,0,89920,2.84,,,,,,,,,,,,,,,,,,,47.307,44.73,92.037,0.912988758,3.147699758,1.98683569,1248573.309,5.847043939,,,1068533.017,4.666855325,,,6689180.842,5.229347333,,,,,509291.4708,2.027012151,
5/1/13,130.778,38245061,4.84,130.778,4.61,1.0196,5.58,1.83,2.86,4.61,6.189,13.5,39181,44.825,3.424,81.6,3512769,5.3,3569470,4.57,,,,,,,,,,,,,,,,,,,47.799,44.825,92.624,1.975550957,3.490868792,2.703302065,708472.274,5.750990052,,,3470318.797,4.813509644,,,38245408.25,4.859242652,,,,,492333.5338,3.360027068,
6/1/13,130.69,28006306,4.92,130.69,4.69,1.0314,5.62,1.83,2.86,4.69,6.175,13.31,39248,44.712,3.434,81.7,2104012,5.07,3133567,5.04,,,,,,,,,,,,,,,,,,,47.745,44.712,92.457,1.825588091,2.687060769,2.24038217,378303.9735,6.426112783,87884.97168,4.831212799,4467457.4,4.617008995,,,28006559.93,4.935288924,,,,,1122901.151,3.549644594,
7/1/13,130.651,16174650,5.09,130.651,4.91,1.0402,5.81,1.83,2.86,4.91,6.822,13.11,39232,45.02,3.472,81.6,61136,5.5,2141305,4.15,,,,,,,,,,,,,,,,,,,48.053,45.02,93.073,2.436580686,2.975822869,2.696708559,418741.1136,7.000752745,18505.58028,10.47316523,5610312.567,4.416538777,,,16174796.49,5.113177965,,,,,2473266.175,4.361171115,
8/1/13,130.888,3847464,5.21,130.888,5.16,1.0407,5.86,1.83,2.86,5.16,7.711,13,39348,45.167,3.468,82.1,44064,7.36,272231,4.21,,,,,,,,,,,,,,,,,,,48.182,45.167,93.349,2.386366051,3.328605417,2.840114133,538044.1249,7.035625565,,,2969052.143,4.650658302,,,3847498.415,5.226356929,,,,,4451107.938,4.090135367,
9/1/13,130.919,1447734,5.63,130.919,5.2,1.0342,5.82,1.83,2.86,5.2,7.981,13.34,39513,45.352,3.405,82.5,0,0,321974,4.62,,,,,,,,,,,,,,,,,,,48.291,45.352,93.643,2.461225096,2.873993422,2.660717418,653654.3977,7.427668226,10780.5918,6.99516329,614956.7028,5.057328404,47679.31674,4.988452358,1447747.499,5.645294506,,,,,1282936.721,4.28961375,
10/1/13,131.027,426068,5.57,131.027,5.2,1.0363,5.76,1.83,2.86,5.2,7.795,14.5,39375,45.994,3.26,82.3,0,0,93743,3.34,,,,,,,,,,,,,,,,,,,48.444,45.994,94.438,2.198219484,5.124337173,3.602694341,527477.3812,7.487321999,,,933508.8605,5.422575205,,,426071.4751,5.582260581,,,,,810962.8531,3.866386713,
11/1/13,130.425,443396,5.02,130.425,5.24,1.0486,5.74,1.83,2.86,5.24,7.581,14.75,39481,46.757,3.228,82.4,291066,4.93,126640,4.67,,,,,,,,,,,,,,,,,,,48.492,46.757,95.249,2.498414711,5.024707996,3.723184145,685125.3482,7.871652997,30161.40622,8.684177325,1974689.157,5.971140297,66691.95962,6.436922868,443399.7883,5.035949631,,,,,1310620.135,3.333976707,
12/1/13,130.459,301871,5.73,130.459,5.25,1.0639,5.92,1.83,2.86,5.25,7.583,15.53,39588,46.349,3.294,83.2,0,0,420735,2.91,,,,,,,,,,,,,,,,,,,48.938,46.349,95.287,3.809766238,4.066190669,3.934336824,593161.8295,8.055014269,,,1025717.092,5.823044236,29707.2545,6.638580485,301874.2074,5.752704132,,,,,511275.6288,2.732226848,
1/1/14,131.3,197358,5.75,131.3,5.36,1.094,6.12,1.83,2.86,5.36,7.911,16.06,39832,45.932,3.31,84.1,0,0,82369,4.6,,,,,,,,,,,,,,,,,,,49.128,45.932,95.06,4.005419595,1.73651103,2.896605473,154215.3736,8.82812114,7376.65852,3.188571077,132453.5696,5.398231261,,,197359.787,5.76330172,,,20749.88344,4.375880003,492481.2433,4.220410479,
2/1/14,131.69,106030,4.24,131.69,5.4,1.1054,6.3,1.83,2.86,5.4,7.906,16.5,40038,46.438,3.305,85,0,0,0,0,,,,,,,,,,,,,,,,,,,49.211,46.438,95.649,3.105030485,3.483008357,3.288194894,219220.7989,6.279171532,,,1264722.151,5.591588631,12158.4793,5.859614368,106031.1989,4.258954012,,,33131.02936,6.160478679,604564.1241,3.153662157,
3/1/14,132.225,90832,5.19,132.225,5.4,1.1107,6.03,1.83,2.86,5.4,7.737,16.75,40303,47.031,3.435,85.3,0,0,112363,2.56,,,,,,,,,,,,,,,,,,,49.195,47.031,96.226,3.296587927,4.369535307,3.818226936,842638.8333,6.130049786,32288.86452,7.573632695,1278776.603,6.433936138,,,90832.54862,5.217457918,,,,,309072.2917,2.056509164,
4/1/14,132.741,4679550,5.23,132.741,5.4,1.0992,5.93,2.3,3.59,5.4,7.344,16.75,40506,47.154,3.616,84.9,0,0,363935,4.22,,,,,,,,,,,,,,,,,,,49.591,47.154,96.745,4.828038134,5.419181757,5.11533405,1611358.963,6.17894599,,,1727427.796,6.842758942,,,4679592.551,5.249196962,,,132407.2726,5.410201313,364474.3923,2.026238374,
5/1/14,133.479,23518882,5.18,133.479,5.1,1.0894,5.88,2.3,3.59,5.1,6.861,15.5,40680,47.513,3.618,84.6,2726779,5.51,7534480,4.84,,,,,,,,,,,,,,,,,,,49.77,47.513,97.283,4.123517228,5.996653653,5.030013819,443219.0094,6.187239134,,,1630761.823,6.78992655,30758.85824,5.745304283,23519095.6,5.200668516,,,63314.48178,5.67394678,281159.5978,2.555815293,
6/1/14,133.078,30413015,5.15,133.078,5.11,1.083,5.89,2.3,3.59,5.11,6.644,15.5,40844,47.73,3.575,84.1,4634526,5.27,7371880,4.72,,,,,,,,,,,,,,,,,,,50.096,47.73,97.826,4.924075819,6.749865808,5.807023806,595128.3505,6.675780101,,,5277924.214,6.206252245,,,30413290.67,5.169382844,,,63493.056,5.171100915,448448.3681,2.990848212,
7/1/14,133.399,18333321,5.28,133.399,5.22,1.0739,5.75,2.3,3.59,5.22,6.81,15.43,40959,48.107,3.508,83.7,911220,5.34,2074031,4.92,,,,,,,,,,,,,,,,,,,50.369,48.107,98.476,4.819678272,6.856952466,5.805120712,573875.8137,7.590657937,10586.58524,8.183375284,5684663.376,6.189022229,46497.64042,5.754829656,18333937.39,5.298978662,,,57719.15622,5.49763754,971897.9085,2.337948235,
8/1/14,133.759,6037994,5.38,133.759,5.25,1.0926,5.77,2.3,3.59,5.25,7.094,15.38,41104,48.444,3.362,83.5,340917,5.45,815947,4.03,,,,,,,,,,,,,,,,,,,50.507,48.444,98.951,4.825453489,7.255297009,6.001135524,555570.8539,8.32918784,,,4006555.134,5.733412928,33598.4088,4.99550443,6038048.53,5.402602321,,,30675.08268,5.853121958,1533979.005,3.952982394,
9/1/14,134.227,1721268,5.09,134.227,5.25,1.1011,5.66,2.3,3.59,5.25,7.183,16.28,41212,49.003,3.297,83.2,168391,5.78,80564,3.77,,,,,,,,,,,,,,,,,,,50.727,49.003,99.73,5.044418215,8.050361616,6.500218917,743755.0124,7.907754437,,,1424221.999,5.685067362,37169.8932,4.757856017,1721283.52,5.102745071,,,98998.4611,5.441933077,1179870.736,3.770651194,
10/1/14,134.48,486513,5.54,134.48,5.25,1.1212,5.46,2.3,3.59,5.25,7.167,17.11,41365,49.682,3.101,82.7,75429,2.85,363236,3.78,,,,,,,,,,,,,,,,,,,50.941,49.682,100.623,5.154405086,8.018437187,6.549270421,674139.7267,7.609069451,,,925770.6443,5.299912058,128527.1414,5.348208889,486517.7462,5.563075594,,,95239.584,5.396275145,1831538.771,3.943461702,
11/1/14,134.14,369553,5.57,134.14,5.25,1.1325,5.36,2.3,3.59,5.25,6.912,17.12,41523,49.758,2.826,82.5,0,0,66846,4.26,,,,,,,,,,,,,,,,,,,50.964,49.758,100.722,5.097748082,6.418290309,5.745992084,623213.0047,7.863837826,,,1049357.232,4.96641929,399796.8139,4.825923902,369556.0414,5.595849529,,,131472.5137,5.025362195,1499333.402,4.477858621,
12/1/14,134.493,406663,5.29,134.493,5.25,1.1532,4.89,2.3,3.59,5.25,6.52,17,41713,50.497,2.516,81.7,0,0,270688,4.22,,,,,,,,,,,,,,,,,,,51.141,50.497,101.638,4.501614287,8.949491898,6.665127457,477708.0847,7.289079066,,,1370722.485,4.551782048,137122.9548,4.787097836,406666.4098,5.309789419,,,,,1078881.503,3.577670938,
1/1/15,134.937,571873,5.47,134.937,5.25,1.2122,4.54,2.3,3.59,5.25,6.219,17.22,41728,50.813,2.114,81.8,0,0,404824,3.92,,,,,,,,,,,,,,,,,,,51.235,50.813,102.048,4.288796613,10.62657842,7.351146644,334438.6494,6.239673566,,,473898.5013,4.112346831,37264.69186,3.820426063,571878.428,5.480547694,,,,,1214578.069,3.740993779,
2/1/15,134.73,336312,5.79,134.73,5.21,1.2499,5.06,2.3,3.59,5.21,6.094,17.25,41936,50.671,2.149,81.2,0,0,163259,2.59,,,,,,,,,,,,,,,,,,,51.322,50.671,101.993,4.289691329,9.115379646,6.632583718,327478.664,5.154714445,,,683132.3717,4.454777912,,,336314.781,5.803250735,,,53969.0976,4.627481487,563148.1328,3.756205298,
3/1/15,134.161,401861,5.52,134.161,5.14,1.2618,4.89,2.3,3.59,5.14,5.794,17.03,41883,51.157,2.327,82.4,0,0,218450,2.87,,,,,,,,,,,,,,,,,,,51.273,51.157,102.43,4.224006505,8.772936999,6.44732193,916811.0686,5.231933999,,,849929.5116,5.876494382,88888.07378,4.852293245,401864.7475,5.541802345,,,33666.75202,4.195563621,892758.6644,2.704072328,
4/1/15,134.098,1959885,5.27,134.098,4.98,1.2337,4.81,2.45,3.83,4.98,5.556,16.75,41991,51.721,2.356,82,36969,3.48,0,0,,,,,,,,,,,,,,,,,,,51.136,51.721,102.857,3.115484665,9.685286508,6.317639154,2304729.59,5.447341006,,,957023.3374,4.6009808,33530.06558,6.699629008,1959902.771,5.2948596,,,195051.5499,4.609878776,745406.2728,3.395073388,
5/1/15,133.921,14287587,5.07,133.921,4.78,1.2176,4.94,2.45,3.83,4.78,5.312,16.5,42140,51.854,2.538,82,1434135,4.88,2741541,3.88,,,,,,,,,,,,,,,,,,,51.191,51.854,103.045,2.855133615,9.136446867,5.922925897,1193495.288,5.235187825,,,1369337.984,6.228197934,,,14287716.73,5.097258532,,,161803.6757,4.841793592,461638.6095,3.740493027,
6/1/15,133.834,40660646,5,133.834,4.89,1.2365,4.88,2.45,3.83,4.89,5.25,16.61,42222,51.92,2.646,81.9,6297166,4.74,4364058,4.27,,,,,,,,,,,,,,,,,,,51.404,51.92,103.324,2.610986905,8.778545988,5.620182773,1627487.963,5.202981033,,,3748114.145,5.548521522,77818.67676,4.700491132,40661014.79,5.022491028,,,160161.2338,4.582850561,1084961.845,3.594020395,
7/1/15,133.979,18491781,5.17,133.979,4.95,1.2863,4.69,2.45,3.83,4.95,5.211,16.83,42329,52.149,2.598,81.9,1342464,4.43,2629131,3.85,,,,,,,,,,,,,,,,,,,51.572,52.149,103.721,2.388373801,8.402103644,5.326170844,681814.0089,6.049655692,10870.98122,7.648527609,4781851.645,5.985003745,115209.032,4.300166329,18491949.11,5.187816082,,,379007.2473,4.598402834,1373614.946,3.47061308,
8/1/15,134.469,5602594,5.07,134.469,4.92,1.3147,4.48,2.45,3.83,4.92,5.2,17,42395,52.456,2.39,81.3,611942,4.63,603646,3.43,,,,,,,,,,,,,,,,,,,51.526,52.456,103.982,2.017542123,8.281727355,5.084334671,770688.855,7.080028425,,,1752701.56,5.47749327,185778.9182,4.823577448,5601853.44,5.093156454,,,407929.6571,4.811094182,1865364.256,4.002949545,
9/1/15,134.957,1579360,5.18,134.957,4.9,1.3266,4.51,2.45,3.83,4.9,5.122,17,42418,52.465,2.152,80.7,416319,3.73,466448,3.83,,,,,,,,,,,,,,,,,,,51.419,52.465,103.884,1.36416504,7.064873579,4.165246165,946103.8545,7.087557003,,,1633535.235,5.722484461,197181.2128,4.540280422,1577745.121,5.211931818,,,329339.3633,4.558295082,1049264.638,2.746868516,
10/1/15,135.085,1890310,5.27,135.085,4.95,1.3072,4.4,2.45,3.83,4.95,4.811,17,42462,52.784,2.115,80.4,0,0,46154,4,,,,,,,,,,,,,,,,,,,51.28,52.784,104.064,0.665475746,6.243709996,3.419695298,857484.7444,7.218419967,11027.50924,5.478662378,3019723.13,5.046404702,726528.1118,4.712582961,1888175.459,5.29455033,,,215043.044,4.325957178,873439.5793,4.022314861,
11/1/15,134.135,749831,5.48,134.135,5.06,1.3279,4.36,2.45,3.83,5.06,4.713,17,42453,52.911,2.062,80.5,41449,1.82,77041,2.59,,,,,,,,,,,,,,,,,,,51.596,52.911,104.507,1.240091045,6.33666948,3.757868192,698663.9196,6.824190954,4215.23344,5.902638692,1296891.966,5.407899952,232031.8458,6.436909533,748217.1633,5.507028176,,,448150.7444,4.742123106,960978.4257,3.77881012,
12/1/15,133.627,696312,5.32,133.627,5.17,1.3713,3.99,2.45,3.83,5.17,4.87,16.75,42592,53.776,1.962,80.7,0,0,0,0,,,,,,,,,,,,,,,,,,,51.376,53.776,105.152,0.459513893,6.493455057,3.457368307,449506.5857,6.90301566,,,1387034.468,4.911727975,128588.8707,6.680197089,693271.4191,5.346973636,,,72225.55582,4.421177468,1162692.337,3.961646476,
1/1/16,134.01,344780,5.81,134.01,5.34,1.4208,3.87,2.45,3.83,5.34,5.1,16.34,42774,53.071,1.864,80.3,0,0,199966,3.34,,,,,,,,,,,,,,,,,,,51.598,53.071,104.669,0.708500049,4.443744711,2.568399185,190086.7456,6.192956779,,,1143862.678,5.698872886,305965.9821,4.48705438,344055.2018,5.827486373,,,239073.402,4.588762241,1046746.962,3.480584259,
2/1/16,134.02,317312,5.47,134.02,5.62,1.3797,3.92,2.45,3.83,5.62,5.237,15.81,42770,54.151,1.704,79.4,0,0,38971,4.65,,,,,,,,,,,,,,,,,,,51.578,54.151,105.729,0.498811426,6.867833672,3.66299648,622333.3613,6.380617281,,,1299358.936,5.101100103,211718.4771,4.722866014,317315.3658,5.490273046,,,620999.5662,5.091908549,1041519.808,3.352851259,
3/1/16,133.025,185028,5.91,133.025,4.3,1.3226,4.08,2.45,3.83,,5.11,15.2,42849,53.94,1.883,79.3,0,0,0,0,,,,,,,,,,,,,,,,,,,51.172,53.94,105.112,-0.196984768,5.440115722,2.618373523,888056.2099,6.161975941,,,1353852.733,4.773561292,285275.6234,4.406531428,185029.3474,5.936188046,,,436252.4102,5.265075782,1291880.865,3.509502404,
4/1/16,133.156,9561392,5.83,133.156,5.8,1.2818,4.11,3,4.69,5.8,4.963,14.59,42878,54.261,2.013,79.1,38892,5.63,41185,5.52,,,,,,,,,,,,,,,,,,,51.832,54.261,106.093,1.361076345,4.910964599,3.146115481,1517574.428,6.732954123,,,1200975.563,5.949420802,,,9561478.828,5.852488826,,,370517.2557,5.367728411,832222.0038,3.8487687,
5/1/16,132.452,31139395,5.87,132.452,5.89,1.2945,4.39,3,4.69,5.89,5.256,14.08,42892,54.311,2.175,79.5,3421833,5.53,2451606,4.82,,,,,,,,,,,,,,,,,,,51.957,54.311,106.268,1.496356781,4.738303699,3.127759717,766078.9946,6.426285063,,,2245793.483,5.418798786,372053.8758,4.881983815,31139677.68,5.885476749,,,501484.9114,5.508361143,781125.5261,3.621723917,
6/1/16,131.768,18656961,6.19,131.768,6.47,1.2894,4.48,3,4.69,6.47,5.639,14.61,42971,54.303,2.234,80,2383331,5.68,3785748,5.11,,,,,,,,,,,,,,,,,,,52.276,54.303,106.579,1.696366042,4.589753467,3.150284542,562539.6577,8.024527584,,,3642043.263,6.88795607,404878.463,5.507087197,18657130.27,6.205381017,,,654569.315,4.985216883,1216632.775,4.369432676,
7/1/16,131.634,15301476,6.34,131.634,6.66,1.3052,4.33,3,4.69,6.66,5.731,15,43119,54.334,2.094,80.3,509504,5.91,1381316,5.22,,,,,,,,,,,,,,,,,,,51.976,54.334,106.31,0.783370821,4.189917352,2.496119397,402149.1434,8.26434186,,,6428619.009,6.770518511,598642.5148,5.347197903,15301614.85,6.361175728,,,412557.1545,5.952843075,2700842.483,5.00119762,
8/1/16,131.638,5456859,6.27,131.638,6.85,1.2998,4.36,3,4.69,6.85,5.856,14.94,43203,54.795,2.046,79.7,144928,5.91,553195,5.12,,,,,,,,,,,,,,,,,,,52.212,54.795,107.007,1.331366689,4.458975141,2.909157354,523526.7022,10.12560387,,,4047261.238,6.808240532,684194.9985,5.401275964,5456908.493,6.289564511,,,312116.8719,6.618120282,2143190.468,5.056810937,
9/1/16,131.647,1302209,6.66,131.647,7.12,1.3108,4.41,3,4.69,7.12,6.044,14.86,43355,55.421,2.144,79.5,18071,4.86,485513,4.37,,,,,,,,,,,,,,,,,,,52.51,55.421,107.931,2.121783776,5.634232345,3.895691348,570707.7748,9.040649572,,,1681889.166,6.185814269,508495.603,5.598526287,1302220.532,6.673882637,,,269012.1416,5.770639163,2218883.891,4.675113484,
10/1/16,131.596,425071,6.34,131.596,7.54,1.3251,4.64,3,4.69,7.54,6.138,15,43496,55.362,2.193,80.2,0,0,118591,5.1,,,,,,,,,,,,,,,,,,,52.818,55.362,108.18,2.999219969,4.884055774,3.955258303,356039.5161,9.076003796,,,2148600.606,6.035303148,402085.2095,5.30182894,425074.9868,6.362959675,,,222168.3759,5.189572978,1557680.875,5.678690766,
11/1/16,130.794,190887,6.58,130.794,7.93,1.3434,4.54,3,4.69,7.93,6.106,15,43603,56.385,2.111,81,4231,4.05,159403,2.23,,,,,,,,,,,,,,,,,,,52.834,56.385,109.219,2.399410807,6.565742473,4.508788885,416750.3417,9.137974511,705.4784,7.427583892,1013937.807,5.638697915,307467.3283,5.499520906,190889.2273,6.644958533,,,221118.9768,6.069026818,1603481.855,4.183757975,
12/1/16,130.537,262797,6.62,130.537,7.95,1.3339,4.79,3,4.69,7.95,5.983,14.56,43778,55.415,2.198,81.4,0,0,135223,4.29,,,,,,,,,,,,,,,,,,,53.21,55.415,108.625,3.569760199,3.047828027,3.302837797,258855.4573,8.712016442,20921.8438,18.11484703,634557.9792,6.339748505,261262.9023,3.297816078,262799.5225,6.645286047,,,169925.4957,7.354664434,1491149.852,3.591109902,
1/1/17,131.008,234243,6.92,131.008,7.95,1.3183,4.73,3,4.69,7.95,5.972,14.36,44107,57.359,2.274,82.2,0,0,176789,2.71,,,,,,,,,,,,,,,,,,,53.316,57.359,110.675,3.329586418,8.079742232,5.738088641,2848.36904,11.35246155,,,243396.6619,5.102847305,87655.6912,6.185154581,234245.2842,6.93580238,,,189983.1285,7.082497328,2463254.995,4.935495522,
2/1/17,131.38,233831,6.73,131.38,7.95,1.3109,4.72,3,4.69,7.95,5.9,14.59,44281,57.382,2.202,82.2,0,0,38043,5.56,,,,,,,,,,,,,,,,,,,53.687,57.382,111.069,4.088952654,5.966648815,5.050648356,8267.325,10.33780576,,,564737.6638,5.556139073,81304.18098,5.701687102,233833.0203,6.744552151,,,180170.3649,7.497836844,1305606.829,5.076542076,
3/1/17,131.55,271598,6.5,131.55,7.95,1.3387,4.63,3,4.69,7.95,5.761,14.92,44424,57.28,2.199,82.3,0,0,0,0,,,,,,,,,,,,,,,,,,,54.117,57.28,111.397,5.755100446,6.192065258,5.979336327,22670.10746,9.62059842,,,345175.1488,6.441103909,107678.05,6.370852739,271600.3655,6.518319652,,,180426.1008,6.924219913,999318.9721,3.833350619,
4/1/17,131.879,5799183,7.39,131.879,5.465,1.3437,4.72,4.39,6.86,,5.737,15,44591,57.373,2.304,82.5,0,0,179562,2.75,,,,,,,,,,,,,,,,,,,54.199,57.373,111.572,4.566676956,5.735242624,5.16433695,495153.2428,9.196823542,,,1456274.969,7.278366536,72968.51276,6.722269393,5799235.273,7.413853892,,,94531.90098,7.322924778,619189.5732,3.402195533,
5/1/17,131.945,25144413,7.17,131.945,7.18,1.3606,4.64,4.39,6.86,7.18,5.7,15.22,44861,57.377,2.244,83.6,3770397,6.66,1973908,6.8,,,,,,,,,,,,,,,,,,,54.318,57.377,111.695,4.544142271,5.645265232,5.106899537,127660.7257,11.5919363,25849.1695,3.290589278,1682973.839,7.55923634,60571.9345,6.972602138,25144641.29,7.186484106,,,219727.8615,7.079957858,100409.4179,3.591854306,
6/1/17,131.351,22244357,7.3,131.351,7.41,1.3295,4.45,4.39,6.86,7.41,5.622,15.5,44901,57.291,2.179,83.5,4062492,6.61,3709045,6.51,,,,,,,,,,,,,,,,,,,54.152,57.291,111.443,3.588644885,5.502458428,4.563750833,118308.7277,11.00534192,,,4233818.387,8.246184369,226910.5135,6.887829814,22244558.48,7.315251105,,,27564.36386,7.643782424,808875.078,4.558084555,
7/1/17,131.689,18823113,7.54,131.689,7.88,1.269,4.49,4.39,6.86,7.88,5.6,15.5,45019,57.149,2.126,82.3,1410212,5.91,2457870,6,,,,,,,,,,,,,,,,,,,54.139,57.149,111.288,4.161536094,5.180918026,4.682532217,91573.30094,11.5904198,,,4888266.447,7.950298008,379659.8148,7.099142166,18824785.01,7.563032086,,,302678.8937,7.374557813,1457377.279,5.739476745,
8/1/17,131.476,4721188,7.43,131.476,8.1,1.2608,4.64,4.39,6.86,8.1,5.645,15.5,45152,57.588,2.219,83.7,230701,6.24,608404,5.13,,,,,,,,,,,,,,,,,,,54.43,57.588,112.018,4.248065579,5.0971804,4.682871214,173882.7886,12.22375726,35487.76814,3.728383241,5257390.383,8.140122738,486087.8453,7.216625624,4721231.209,7.453705283,,,,,2990425.934,6.304394563,
9/1/17,131.75,1563363,7.55,131.75,8.1,1.2279,4.8,4.39,6.86,8.1,5.644,15.5,45381,57.907,2.63,84.6,584,6.66,183337,6.36,,,,,,,,,,,,,,,,,,,55.012,57.907,112.919,4.764806703,4.485664279,4.621471125,67161.54368,10.3531718,,,2346815.785,7.625757041,122471.0502,7.446625127,1563377.613,7.567586936,,,113231.4878,6.688272093,1933125.456,5.575797973,
10/1/17,131.909,466674,7.51,131.909,8.1,1.2607,4.87,4.39,6.86,8.1,5.411,15.5,45548,58.287,2.402,85.5,40847,5.02,70850,6.3,,,,,,,,,,,,,,,,,,,55.2,58.287,113.487,4.509826196,5.283407391,4.905712701,224245.1279,11.29563448,6768.1834,2.055943106,1572037.36,7.1769662,176762.0224,8.126027191,466678.3708,7.537568098,,,118037.5594,6.801784143,1420092.745,5.57587596,
11/1/17,131.234,744945,7.04,131.234,8.1,1.2773,5.09,4.39,6.86,8.1,5.172,15.61,45662,58.928,2.401,86.3,150,7,39628,5.7,,,,,,,,,,,,,,,,,,,55.239,58.928,114.167,4.551993035,4.510064734,4.530347284,312372.6078,11.3313937,29674.1852,3.506077734,937080.3449,7.885049602,155727.7429,8.186126479,744742.6822,7.063595421,,,,,1109757.206,4.600646854,
12/1/17,131.337,829864,7.8,131.337,8.1,1.2769,5.14,4.39,6.86,8.1,5.05,15.88,45791,59.28,2.335,87.4,0,0,157622,6.27,,,,,,,,,,,,,,,,,,,55.885,59.28,115.165,5.027250517,6.974645854,6.020713464,130848.6062,10.88240097,,,854949.4314,7.722147951,157290.8185,7.638157213,829386.8625,7.821862503,,,183139.988,6.976919753,781403.3082,4.027830401,
1/1/18,131.936,256111,7.88,131.936,8.1,1.2429,5.24,4.39,6.86,8.1,5.05,16.47,46220,59.42,2.422,88.6,0,0,50001,5.05,,,,,,,,,,,,,,,,,,,55.336,59.42,114.756,3.788731338,3.593158877,3.687372939,13271.8124,11.48012008,,,322097.1866,7.257977086,41250.64482,7.447301766,256112.91,7.91990923,,,111732.3462,7.612441954,1228612.68,3.583117017,
2/1/18,131.628,203302,8.25,131.628,8.1,1.2588,5.08,4.39,6.86,8.1,5.037,17,46413,59.687,2.47,89.3,0,0,40889,3.09,,,,,,,,,,,,,,,,,,,55.555,59.687,115.242,3.479427049,4.01693911,3.75712395,43514.78956,7.064770463,,,556110.9858,5.723490601,3681.7154,8.459643567,203303.4425,8.284355538,,,50291.79144,7.332210475,976016.1387,5.117532182,
3/1/18,131.636,167603,6.75,131.636,7.97,1.2933,5.15,4.39,6.86,7.97,4.994,17.58,46614,60.248,2.455,90,0,0,50001,4.7,,,,,,,,,,,,,,,,,,,55.716,60.248,115.964,2.954709241,5.181564246,4.09975134,565046.3106,8.914140143,,,450346.5459,6.539428418,,,167604.0309,6.778715249,,,43763.91162,7.009039838,1591246.214,4.840286771,
4/1/18,132.15,3868945,8.09,132.15,7.95,1.2732,5.32,4.8,7.5,7.95,4.756,18.16,46808,59.5,2.62,91.1,18971,8.49,155902,6.76,,,,,,,,,,,,,,,,,,,55.859,59.5,115.359,3.062787136,3.707318774,3.394220772,719032.4038,9.21954138,,,755851.7624,6.960467994,4766.38844,8.834571611,3868980.232,8.111128028,,,41618.81636,6.908726032,1523383.602,5.360381976,
5/1/18,131.628,20963522,8.55,131.628,8.84,1.2866,5.57,4.8,7.5,8.84,4.56,18.23,47029,60.839,2.745,92.1,2108754,6.9,2996620,7.62,,,,,,,,,,,,,,,,,,,55.897,60.839,116.736,2.906955337,6.0337766,4.513183222,117940.5561,9.107045406,,,1161814.898,8.183510999,28230.1591,2.502040451,20963711.74,8.574528416,,,99756.85038,8.073079663,1452657.187,6.771608667,
6/1/18,131.488,17602119,8.63,131.488,9.1,1.3125,5.51,4.8,7.5,9.1,4.5,17.75,47241,61.456,2.708,93.7,2086681,7.09,3135686,7.16,,,,,,,,,,,,,,,,,,,55.696,61.456,117.152,2.851233565,7.269902777,5.122798202,67611.28616,10.63587222,,,3241474.832,8.81497728,191579.2734,7.756355757,17602279.12,8.651067906,,,62470.11232,8.991035539,1875183.633,7.475554261,
7/1/18,131.868,12569922,8.6,131.868,9.07,1.3133,5.5,4.8,7.5,9.07,4.583,17.94,47473,62.231,2.671,93.7,470246,6.82,924287,7.12,,,,,,,,,,,,,,,,,,,56.057,62.231,118.288,3.542732596,8.892544052,6.289986342,437601.6377,10.39897388,,,4346108.502,8.962646235,12429.64756,8.895666548,12570035.56,8.617677055,,,214324.3379,8.909086194,3459844.648,6.531197872,
8/1/18,131.824,2896245,8.35,131.824,8.81,1.3042,5.5,4.8,7.5,8.81,4.794,18,47651,62.523,2.681,93.8,100804,6.75,493532,7.07,,,,,,,,,,,,,,,,,,,55.937,62.523,118.46,2.768693735,8.569493645,5.750861469,58938.31108,12.35963479,,,4094878.825,8.586074095,115193.5996,9.072379051,2895596.41,8.377544923,,,71941.15984,9.239383984,3001916.414,6.111939998,
9/1/18,131.906,1684758,7.86,131.906,8.75,1.3034,5.65,4.8,7.5,8.75,4.95,18,47722,61.153,2.671,94.2,13715,5.61,284042,6.84,,,,,,,,,,,,,,,,,,,56.177,61.153,117.33,2.11771977,5.605539917,3.906339943,143924.2075,10.54106899,,,3074869.494,9.20615462,166459.8331,7.636370747,1684772.809,7.892711072,,,34500.09838,9.20919113,2435035.859,6.558637294,
10/1/18,131.772,1340910,8.23,131.772,8.75,1.3004,5.76,4.8,7.5,8.75,4.933,18.44,47896,61.698,2.702,95.2,27778,2.07,406220,5.43,,,,,,,,,,,,,,,,,,,56.408,61.698,118.106,2.188405797,5.852076792,4.0700697,351824.2827,10.64668127,,,2958214.232,8.87336986,24768.9057,8.88166004,1340922.636,8.251729592,,,3159.22046,9.122503594,2277815.589,6.243288996,
11/1/18,131.512,1105843,8.57,131.512,8.75,1.3205,5.38,4.8,7.5,8.75,4.978,18.53,48021,61.431,2.475,95.4,11852,6.53,133768,4.67,,,,,,,,,,,,,,,,,,,56.569,61.431,118,2.407719184,4.24755634,3.35736246,361632.6371,10.70311582,449.74248,17.73681686,2743014.659,8.762877704,25635.32136,6.921465797,1105852.824,8.587846222,,,90720.113,7.67324882,1121633.494,5.683537477,
12/1/18,131.729,715560,8.27,131.729,8.75,1.3436,5.04,4.8,7.5,8.75,4.9,18.81,48636,61.36,2.191,95.5,49743,1.46,383232,5.25,,,,,,,,,,,,,,,,,,,56.629,61.36,117.989,1.331305359,3.50877193,2.452133895,187901.9672,9.610724287,,,1448885.082,8.375197693,4391.60304,7.763452136,747948.1997,8.778541085,,,536873.4716,6.985817326,1387768.607,4.490703255,
1/1/19,132.504,787624,8.27,132.504,8.56,1.33,5.35,4.8,7.5,8.56,4.86,19.48,48687,61.348,2.095,94.8,0,0,858891,2.83,,,,,,,,,,,,,,,,,,,57.47,61.348,118.818,3.856440653,3.244698755,3.5396842,87854.107,10.51504627,,,614723.0131,8.924354357,36215.29274,5.918632262,787631.3597,8.290947179,,,485064.9016,7.207569519,1633779.948,5.595821525,
2/1/19,132.816,376162,8.65,132.816,8.63,1.3209,5.5,4.8,7.5,8.63,4.8,19.81,48838,61.679,2.177,95.1,49743,1.49,424223,3.47,,,,,,,,,,,,,,,,,,,56.351,61.679,118.03,1.432814328,3.337410156,2.419256868,78876.89436,8.921471943,,,898832.3925,6.947288563,1587.3264,9.953844402,375834.7991,8.685308033,,,364350.9335,7.181373119,1730062.317,6.561942241,
3/1/19,133.097,207889,9.68,133.097,8.74,1.3371,5.58,4.8,7.5,8.74,4.9,20.06,48954,62.257,2.41,96.3,0,0,0,0,,,,,,,,,,,,,,,,,,,57.446,62.257,119.703,3.105032666,3.334550524,3.2242765,344485.1027,8.686869117,,,1008483.577,7.487059947,226158.7381,6.653990081,207179.1645,9.730302779,,,97801.35244,6.822553915,2608069.869,7.201518342,
4/1/19,132.749,5597056,8.93,132.749,8.64,1.3378,5.7,5.07,7.92,8.64,4.95,20.39,48974,62.731,2.64,96.8,0,0,38881,7.7,,,,,,,,,,,,,,,,,,,57.652,62.731,120.383,3.209867703,5.430252101,4.355100166,1302732.004,8.939580023,,,866993.2704,7.345707536,,,5596663.764,8.949154373,,,284931.7027,8.227712038,1066603.974,5.517396467,
5/1/19,132.84,26336306,8.58,132.84,8.04,1.346,5.66,5.07,7.92,8.04,4.922,20.25,48986,63.406,2.62,97.3,2166758,6.83,1155790,7.11,,,,,,,,,,,,,,,,,,,57.652,63.406,121.058,3.139703383,4.219332994,3.702371162,635479.5104,10.3224052,,,1251653.163,8.926496834,112254.8412,8.035617802,26336544.84,8.601177806,,,314872.6469,7.760502617,1361385.919,5.497133395,
6/1/19,132.358,19557258,8.43,132.358,8.28,1.3289,5.34,5.07,7.92,8.28,4.875,19.75,49082,64.307,2.46,96.9,2612134,6.87,1902798,6.88,,,,,,,,,,,,,,,,,,,57.913,64.307,122.22,3.980537202,4.639091382,4.326003824,102792.6121,10.73318381,,,3065768.823,10.27148713,97197.28656,6.007976361,19557435.35,8.4503676,,,54659.14366,7.255693621,1206401.133,5.796399561,
7/1/19,132.195,13243775,8.65,132.195,8.4,1.3105,5.41,5.07,7.92,8.4,4.906,19.75,49187,65.053,2.547,96.5,636453,6.91,475178,6.03,,,,,,,,,,,,,,,,,,,58.604,65.053,123.657,4.543589561,4.534717424,4.538921953,148203.3749,11.28900743,,,5674284.025,10.06519038,303748.1344,7.580435037,13243895.3,8.667155125,,,452266.7699,8.099071707,1552974.011,7.047662692,
8/1/19,132.064,3871824,8.94,132.064,8.43,1.3273,5.3,5.07,7.92,8.43,4.972,19.75,49446,65.266,2.402,97.1,19454,7.03,794,8.17,,,,,,,,,,,,,,,,,,,58.671,65.266,123.937,4.887641454,4.387185516,4.623501604,139550.2414,11.98349056,,,3316833.153,9.533372208,288194.5403,7.190445031,3871709.552,8.962228839,,,198129.1994,7.608474695,2798359.44,6.102702446,
9/1/19,132.33,1423660,9.2,132.33,8.56,1.3241,5.48,5.07,7.92,8.56,4.9,20.09,49555,65.958,2.385,97.3,39897,8.06,45115,2,,,,,,,,,,,,,,,,,,,58.124,65.958,124.082,3.465831212,7.857341422,5.754708941,366286.5899,11.62905527,,,3185651.649,8.758290947,148871.3747,7.741931597,1423673.048,9.226888868,,,60422.02034,6.764950885,2430051.213,7.757890408,
10/1/19,132.715,473947,8.23,132.715,8.8,1.3189,5.47,5.07,7.92,8.8,4.9,21.38,49683,66.43,2.373,96.3,0,0,0,0,,,,,,,,,,,,,,,,,,,57.88,66.43,124.31,2.609558928,7.669616519,5.252908404,323790.3348,11.76486013,,,2014707.419,9.78537271,39491.35806,11.76487776,473951.4122,8.260127302,,,30240.77254,5.650517022,3284652.315,7.52382372,
11/1/19,132.407,307773,9.64,132.407,8.97,1.3237,5.47,5.07,7.92,8.97,4.862,22.25,49865,66.533,2.355,96.8,794,1.63,134674,3.62,,,,,,,,,,,,,,,,,,,58.049,66.533,124.582,2.616273931,8.305253048,5.577966102,354465.4175,11.9300411,,,1836263.272,9.445697284,298124.1487,8.450657254,307775.9751,9.659126249,,,125689.7954,8.295828602,1602472.139,6.963038998,
12/1/19,132.323,496798,10.29,132.323,9.18,1.3169,5.53,5.07,7.92,9.18,4.811,22.47,49718,67.701,2.38,97,0,0,438983,2.26,,,,,,,,,,,,,,,,,,,58.537,67.701,126.238,3.369298416,10.33409387,6.9913297,176920.755,11.79187823,,,1431790.459,9.264824274,50695.2369,10.95357343,502230.073,10.3064796,,,317795.973,8.812739109,2039185.315,6.869603216,
1/1/20,133.114,144626,9.49,133.114,9.26,1.3089,4.98,5.07,7.92,9.26,4.75,22.86,50303,68.991,2.403,97.6,0,0,794,6.31,,,,,,,,,,,,,,,,,,,57.885,68.991,126.876,0.722115887,12.45843385,6.781800737,163.14188,12.39411977,,,975711.9011,9.062896527,39462.698,6.794973826,144151.2833,9.560872219,,,289030.0912,7.530492727,1464238.056,7.349886144,
2/1/20,133.593,173703,9.08,133.593,9.3,1.3286,4.66,5.07,7.92,9.3,4.463,22.62,50534,68.979,2.27,97.3,0,0,833,8.17,,,,,,,,,,,,,,,,,,,57.922,68.979,126.901,2.78788309,11.83547074,7.515885792,5577.6886,16.84461194,,,842103.1106,8.249545587,,,173344.8614,9.208216428,,,99631.18704,5.684936784,1832147.246,7.579247262,
3/1/20,134.154,199796,7.85,134.154,8.1,1.396,4.1,5.07,7.92,,4.194,21.81,49706,48.48,2.058,96.7,0,0,1071,8.16,,,,,,,,,,,,,,,,,,,74.168,48.48,122.648,29.10907635,-22.12923848,2.4602558,107206.2614,9.950062491,,,1519320.487,8.008563766,76310.71668,8.478075271,199288.8295,7.914377358,,,132579.2329,6.699156273,3217894.217,7.213959949,
4/1/20,137.685,2217338,7.49,137.685,8.1,1.4048,3.61,3.45,5.39,,4.106,20.67,56451,31.394,1.733,94.6,169101,6.15,8973,7.29,,,,,,,,,,,,,,,,,,,64.097,31.394,95.491,11.17914383,-49.95456792,-20.67733816,746045.6126,9.836044708,,,311179.9084,9.095908585,687.84144,15.62714802,2217358.294,7.508575426,,,168765.8656,9.734788454,2126893.917,8.690899837,
5/1/20,139.023,23137129,7.2,139.023,6.9,1.3972,3.61,3.45,5.39,6.9,4.106,18.12,53638,41.252,1.706,93.8,2109918,5.29,345108,6.42,,,,,,,,,,,,,,,,,,,64.573,41.252,105.825,12.00478734,-34.93991105,-12.58322457,567045.901,9.067087852,,,262973.6875,10.53363181,15472.02316,8.962499511,23137339.19,7.223398837,,,119133.2556,5.690619272,2058180.321,7.219994695,
6/1/20,139.832,28740074,7.37,139.832,7.82,1.3552,3.94,3.45,5.39,7.82,4.35,16.81,53587,53.159,1.899,93.8,1405503,6.09,3511925,7.15,,,,,,,,,,,,,,,,,,,63.14,53.159,116.299,9.025607377,-17.33559333,-4.844542628,103121.1005,7.185202606,,,1662792.747,8.268117613,30564.85168,10.15885839,28740334.62,7.392823041,,,209128.0486,7.936305107,2488284.046,5.505972287,
7/1/20,138.602,17391190,8.43,138.602,9.22,1.3497,4.11,3.45,5.39,9.22,4.189,17.31,54216,55.528,2.01,93.5,444102,5.89,1605780,7.23,,,,,,,,,,,,,,,,,,,63.546,55.528,119.074,8.432871476,-14.64190737,-3.706219624,203362.9673,11.80785289,,,2271591.946,8.346005994,27861.98756,10.53248622,17391347.7,8.452771089,,,509320.1309,8.206810897,5144121.417,7.225905842,
8/1/20,138.491,4673690,8.45,138.491,9.28,1.3229,4.05,3.45,5.39,9.28,3.819,17.5,52251,58.18,2.011,93.5,0,0,227541,5.8,,,,,,,,,,,,,,,,,,,62.387,58.18,120.567,6.333623085,-10.85710784,-2.719123426,288403.9792,10.37179518,,,1274532.71,8.682932117,2030.45502,8.383342567,4673732.671,8.48140037,,,753614.0731,9.317211887,7305195.763,8.006767498,
9/1/20,137.82,1035875,7.99,137.82,9.58,1.323,3.9,3.45,5.39,9.58,3.75,18.17,52608,59.745,2.043,94.8,0,0,77806,5.94,,,,,,,,,,,,,,,,,,,62.303,59.745,122.048,7.189801115,-9.419630674,-1.639238568,479052.9029,10.73879517,,,1832023.788,9.814001937,127506.4023,6.841609395,1035884.799,8.006727201,,,208438.0025,11.22275195,6547106.311,8.640128068,
10/1/20,138.122,506121,10.35,138.122,9.77,1.3218,3.94,3.45,5.39,9.77,3.75,19.78,52423,59.566,2.025,94,0,0,112476,5.62,,,,,,,,,,,,,,,,,,,61.887,59.566,121.453,6.922944022,-10.33268102,-2.298286542,270652.3789,10.74780503,53501.71816,16.46311614,2299151.901,9.490341195,233427.3702,7.5738719,506125.6365,10.38183728,,,59855.433,8.665913418,4335034.695,9.101826346,
11/1/20,137.099,343834,8.06,137.099,9.9,1.3073,4.05,3.45,5.39,9.9,3.7,20.69,51829,57.134,1.958,94,0,0,37800,5.1,,,,,,,,,,,,,,,,,,,62.798,57.134,119.932,8.181019484,-14.12682428,-3.732481418,278509.6446,11.28143338,23302.8334,20.13107127,2266931.38,9.367801862,130698.6921,13.3162771,343836.9444,8.074908892,,,,,3794585.33,9.620740034,
12/1/20,137.562,223489,9.42,137.562,9.9,1.2809,4.32,3.45,5.39,9.9,3.56,20.8,52183,53.767,2.06,94.3,0,0,66211,4.67,,,,,,,,,,,,,,,,,,,62.749,53.767,116.516,7.195449032,-20.58167531,-7.701326067,293527.516,10.89457998,25070.93864,6.090677425,1445853.73,11.25457898,79315.61374,9.843106082,223491.1479,9.449072234,,,456561.3697,9.76696737,1677887.78,9.55186228,
1/1/21,137.995,71967,11.2,137.995,9.9,1.2725,4.66,3.45,5.39,9.9,3.594,21,57990,58.817,2.205,96,0,0,0,0,,,,,,,,,,,,,,,,,,,63.472,58.817,122.289,9.651896001,-14.74685104,-3.615340963,75991.04678,11.59473434,,,527192.9852,10.88374876,15454.3862,10.0431682,71967.61528,11.23555361,,,536315.7028,9.49069545,1414678.199,9.636219752,
2/1/21,138.305,191390,11.78,138.305,11.505,1.2696,4.97,3.45,5.39,,3.75,21.19,53360,57.289,2.377,96.4,0,0,0,0,,,,,,,,,,,,,,,,,,,63.821,57.289,121.11,10.1843859,-16.94718682,-4.563399816,81268.90706,9.758455339,,,801672.5845,8.772718609,3196.699,10.77580341,191391.8807,11.80305555,,,283630.9769,10.30902207,1950857.215,9.899763474,
3/1/21,138.587,615632,13.36,138.587,11.505,1.2569,5.03,3.45,5.39,,3.911,21.78,65929,65.385,2.672,97.3,0,0,58621,4.33,,,,,,,,,,,,,,,,,,,64.006,65.385,129.391,-13.70132672,34.8700495,5.497847499,341652.166,9.53431684,,,372210.4038,10.09040307,140429.8848,7.627286755,615637.9304,13.4073383,,,751230.8789,9.500847477,4027779.011,9.33461615,
4/1/21,139.374,20312724,12.64,139.374,11.505,1.2494,5.03,7.55,11.8,,4.25,23.11,56204,68.285,2.689,98.2,1111122,8.05,123150,10.31,,,,,,,,,,,,,,,,,,,64.604,68.285,132.889,0.790988658,117.5097152,39.16390026,1111842.777,9.880763026,,,360267.9773,10.58454051,129426.6263,7.651872169,20312910.12,12.66250933,,,675740.2808,11.586342,3123190.355,9.060802827,
5/1/21,139.739,26614604,12.87,139.739,13.11,1.2125,5.18,7.55,11.8,13.11,4.431,23.25,54855,70.254,2.812,98.1,2638788,8.15,3277741,8.88,,,,,,,,,,,,,,,,,,,65.195,70.254,135.449,0.963250894,70.30447009,27.99338531,1177152.44,9.575334187,,,368680.8072,12.15253117,53869.8897,9.337423982,26614845.05,12.89107539,,,475926.7517,8.497603854,1425408.084,9.973009946,
6/1/21,140.671,18490359,13.56,140.671,14.88,1.222,5.33,7.55,11.8,14.88,4.633,23.86,54872,73.432,2.876,99,1400574,8.85,1588957,10.29,,,,,,,,,,,,,,,,,,,65.814,73.432,139.246,4.235033259,38.13653379,19.7310381,694625.0557,9.834708586,,,1751971.831,15.55029568,131172.6854,8.483122815,18490527.13,13.57580821,,,1407901.197,11.73309891,2905078.48,9.997192226,
7/1/21,141.569,12491323,13.66,141.569,16.24,1.253,5.43,7.55,11.8,16.24,4.717,24.39,55483,74.83,2.922,99.6,83106,13.7,503283,11.85,,,,,,,,,,,,,,,,,,,65.85,74.83,140.68,3.625719951,34.76084138,18.14501906,516172.0898,10.57012014,,,2486127.928,15.68645143,278966.0009,8.276628665,12491436.44,13.6857298,,,1252810.589,13.14207283,5604344.66,14.03038585,
8/1/21,141.821,4835852,13.85,141.821,16.4,1.2599,5.36,7.55,11.8,16.4,4.528,24.5,55558,74.752,2.93,101,0,0,98877,7.92,,,,,,,,,,,,,,,,,,,67.509,74.752,142.261,8.210043759,28.48401513,17.99331492,395162.7027,11.82604018,,,2165417.447,15.1232609,134296.6319,10.54589367,4835895.699,13.88131489,,,970116.5756,15.23076646,5508146.067,13.93327793,
9/1/21,143.341,1502014,14.45,143.341,16.4,1.2671,5.56,7.55,11.8,16.4,4.744,24.5,55065,74.803,2.967,101.1,46399,3.63,130981,10.12,,,,,,,,,,,,,,,,,,,67.771,74.803,142.574,8.776463413,25.20378274,16.81797326,568584.7257,11.85463959,,,1561036.307,13.40453256,285950.2371,10.44828649,1502027.448,14.46150071,,,362102.2211,13.24080528,4889346.711,13.72334976,
10/1/21,144.826,1109754,12.63,144.826,16.56,1.2434,5.97,7.55,11.8,16.56,4.975,24.5,55410,75.045,3.109,102.8,110,1.59,99532,6.64,,,,,,,,,,,,,,,,,,,68.142,75.045,143.187,10.10713074,25.98630091,17.89498818,504037.8614,11.88846604,49782.52422,15.14037329,1082982.096,15.49379722,348310.1184,12.14302938,1109763.82,12.64609437,,,192871.1807,16.5693132,4511686.487,13.47675203,
11/1/21,145.11,1226110,15.44,145.11,16.79,1.2567,5.81,7.55,11.8,16.79,4.944,24.5,55603,75.6,3.23,104.8,0,0,21771,10.8,,,,,,,,,,,,,,,,,,,68.218,75.6,143.818,8.630848116,32.32050968,19.9162859,745132.8999,12.23914284,,,1726470.991,14.57374212,161124.6527,10.0621784,1226121.459,15.45831684,,,294199.9251,9.279064224,4265406.182,14.46255301,
12/1/21,145.772,759392,16.54,145.772,16.8,1.28,5.67,7.55,11.8,16.8,4.622,24.5,55688,74.367,3.129,105.7,0,0,0,0,,,,,,,,,,,,,,,,,,,68.824,74.367,143.191,9.681429186,38.31346365,22.89385149,696690.7847,12.24690952,,,2067089.191,14.88286434,115178.1673,13.76914599,759398.996,16.55331528,,,5661.46416,10.53119799,1818904.094,15.32790106,
1/1/22,147.407,430600,15.24,147.407,16.8,1.2622,6.32,7.55,11.8,16.8,4.631,24.28,54647,72.709,3.123,108.4,0,0,0,0,,,,,,,,,,,,,,,,,,,69.283,72.709,141.992,9.155218049,23.61902171,16.11183344,155405.8684,13.41492455,,,367466.0616,16.20018723,13430.54504,20.69566046,430604.1738,15.25772949,,,,,713115.2037,13.86180935,
2/1/22,149.609,253059,15.11,149.609,16.42,1.2711,6.73,7.55,11.8,16.42,4.65,24.25,54984,75.913,3.373,111.8,0,0,69302,6.41,,,,,,,,,,,,,,,,,,,69.294,75.913,145.207,8.575547234,32.50885859,19.89678804,34334.75188,12.33514084,,,941432.2647,15.5144842,17438.5442,12.84252845,253061.7159,15.11854128,,,16799.2044,17.48588761,1875031.515,13.21166114,
3/1/22,151.821,715025,14.76,151.821,15.41,1.266,8.04,7.55,11.8,15.41,4.6,24.25,55182,78.255,4.056,118.1,0,0,0,0,,,,,,,,,,,,,,,,,,,70.083,78.255,148.338,9.494422398,19.68341363,14.64321321,245766.6284,17.7111312,,,1814122.273,13.10353186,23659.98184,14.22646908,715031.0185,14.76903621,,,323089.2656,10.42079808,567376.594,10.37881905,
4/1/22,153.668,12212825,12.2,153.668,12.07,1.2628,8.41,6.35,9.92,12.07,4.394,24.25,55320,81.104,3.884,124.4,17143,10.7,83112,12.76,,,,,,,,,,,,,,,,,,,70.38,81.104,151.484,8.940622872,18.77279051,13.99288128,406576.0204,17.28810271,,,2447465.507,11.26705521,60873.96744,13.40558262,12212935.62,12.22203593,,,86280.00832,11.33854782,392689.119,6.951613548,
5/1/22,155.719,25744430,11.74,155.719,10.41,1.2859,9.42,6.35,9.92,10.41,4.144,22.89,55576,81.758,4.192,129,1610837,8.98,1715784,9.98,,,,,,,,,,,,,,,,,,,71.182,81.758,152.94,9.183219572,16.37486833,12.91334746,446217.2926,16.80789858,,,934159.2234,9.63049743,357796.5983,12.40560425,25744663.9,11.75906868,,,527001.1833,10.60355114,806117.0984,9.810971652,
6/1/22,157.246,15662883,10.95,157.246,8.48,1.2804,8.92,6.35,9.92,8.48,4.067,20.61,55954,82.342,4.609,129.8,1555087,8.48,2248331,10.37,,,,,,,,,,,,,,,,,,,71.725,82.342,154.067,8.981371745,12.13367469,10.64375278,176973.6659,14.65076167,,,2884083.884,10.01517021,147411.9163,11.62931087,15761357.49,10.97760927,,,128397.0688,9.449623822,689371.4463,15.61486635,
7/1/22,159.392,12783300,9.5,159.392,7.53,1.2936,8.03,6.35,9.92,7.53,4.162,19.47,56645,82.028,4.201,129.1,63233,7.69,1003893,9.61,,,,,,,,,,,,,,,,,,,71.705,82.028,153.733,8.891419894,9.61913671,9.278504407,126139.5379,15.80474317,,,3702002.313,10.03184976,303558.537,9.368268894,12685083.65,9.503825462,,,158640.046,7.55060926,,,
8/1/22,160.366,6296435,9.33,160.366,7.05,1.2917,7.87,6.35,9.92,7.05,4.172,17.69,57101,84.12,3.615,125.4,139493,4.76,744279,7.64,,,,,,,,,,,,,,,,,,,71.934,84.12,156.054,6.554681598,12.53210616,9.69555957,31900.8514,14.84060704,,,2550198.594,9.198743209,274865.4077,12.1490588,6296491.723,9.351764377,,,289702.5003,7.506017371,463036.3386,10.55770485,
9/1/22,161.377,4479156,8.05,161.377,7.26,1.3339,7.8,6.35,9.92,7.26,4.05,16.75,57442,84.418,3.335,126.3,37205,6.95,895276,6.58,,,,,,,,,,,,,,,,,,,72.47,84.418,156.888,6.933644184,12.85376255,10.03969868,39852.91574,9.13529144,20317.77792,20.73327121,1940063.395,8.392272149,225731.0418,10.27205643,4479197.002,8.072796304,,,210699.9426,7.914866891,,,
10/1/22,162.25,3456535,8.54,162.25,7.84,1.3689,9.37,6.35,9.92,7.84,4.025,16.75,57834,85.909,3.295,127.7,0,0,539831,7.62,,,,,,,,,,,,,,,,,,,73.214,85.909,159.123,7.443280209,14.47664734,11.12950198,52454.52366,17.36980791,,,2546272.166,8.541009987,129693.3854,9.217748436,3456566.378,8.56320399,,,406688.456,7.83389829,,,
11/1/22,162.085,2169553,8.77,162.085,7.9,1.3457,8.82,6.35,9.92,7.9,3.95,16.75,58000,85.365,3.305,128.6,0,0,377418,7.85,,,,,,,,,,,,,,,,,,,73.438,85.365,158.803,7.651939371,12.91666667,10.41941899,49551.03912,14.13122737,,,2105698.701,9.879346458,43717.6146,12.92023833,2204073.254,8.804471885,,,766202.4533,7.639845024,,,
12/1/22,162.519,1662831,8.03,162.519,7.77,1.3585,7.41,6.35,9.92,7.77,3.85,16.75,58265,84.985,2.96,126.9,0,0,41317,5.65,,,,,,,,,,,,,,,,,,,73.347,84.985,158.332,6.571835406,14.27783829,10.57398859,128143.5375,13.96359141,,,2179218.368,7.363054218,44418.68376,14.87698293,1628345.56,8.018546753,,,336455.8767,6.58167431,,,
1/1/23,163.778,2895460,8.31,163.778,7.27,1.3422,7.76,6.35,9.92,7.27,3.867,17.08,59628,90.33,3.201,124.3,0,0,37507,6.9,,,,,,,,,,,,,,,,,,,72.793,90.33,163.123,5.06617785,24.23496403,14.88182433,623.90746,13.32889977,,,1585538.453,5.491767786,79271.52134,6.596013186,2895486.179,8.3467171,,,106417.0074,5.476624595,,,
2/1/23,164.187,2480032,7.47,164.187,6.91,1.3454,7.09,6.35,9.92,6.91,3.975,19,60040,88.16,3.227,123.2,0,0,202746,7.02,,,,,,,,,,,,,,,,,,,73.572,88.16,161.732,6.173694692,16.13294166,11.38030536,16625.03942,7.919379718,,,956238.4927,5.737936762,11472.84248,9.642510145,2480054.2,7.511997521,,,152883.7831,5.802531713,,,
3/1/23,163.844,3502261,7.01,163.844,6.07,1.3683,7.03,6.35,9.92,6.07,4.05,20.89,60394,88.461,3.221,122.8,0,0,79336,9.96,,,,,,,,,,,,,,,,,,,73.158,88.461,161.619,4.387654638,13.04197815,8.953201472,7480.27566,8.88630353,,,781207.097,5.821562576,76722.98062,6.724126146,3502292.401,7.038834048,,,1567244.516,5.398620261,,,
4/1/23,164.168,14530441,5.75,164.168,5.17,1.3484,6.74,2.25,3.52,5.17,4,21.25,60619,88.736,3.436,121,605848,4.25,88161,3.87,,,,,,,,,,,,,,,,,,,72.913,88.736,161.649,3.599033816,9.410140067,6.710279633,1196458.297,7.369128553,,,2081943.92,5.379737125,21215.05826,11.71054998,14530573.26,5.76271483,,,2196588.569,5.290717689,,,
5/1/23,164.253,18463829,5.41,164.253,4.65,1.3517,6.36,2.25,3.52,4.65,3.983,20.86,60874,89.984,3.322,120.5,1768662,5.12,711942,4.34,,,,,,,,,,,,,,,,,,,72.807,89.984,162.791,2.282880503,10.06140072,6.441088008,303020.6098,6.883383284,,,2007339.579,5.198727763,98894.84396,8.04984333,18463996.74,5.430643616,,,757212.0129,5.176336261,,,
6/1/23,164.164,27468031,5.58,164.164,4.97,1.3286,6.43,2.25,3.52,4.97,3.867,20.25,61012,90.804,3.29,119.3,922984,5.24,2256744,5.07,,,,,,,,,,,,,,,,,,,72.732,90.804,163.536,1.40397351,10.27665104,6.146027378,48997.6795,7.894557537,,,2556889.616,6.046781568,47937.25728,7.845484313,27468279.91,5.600124781,,,708355.4291,4.609335746,,,
7/1/23,164.576,27619454,5.73,164.576,5.29,1.3211,6.77,2.25,3.52,5.29,3.75,20.25,61088,91.371,3.349,119,334241,5.03,2252921,5.24,,,,,,,,,,,,,,,,,,,72.878,91.371,164.249,1.635869186,11.39001317,6.840431137,129126.798,8.316530855,,,2625085.126,6.806690122,238173.9171,6.551733368,27619704.23,5.746501001,,,884032.7784,4.19801176,,,
8/1/23,164.693,14491632,5.73,164.693,5.74,1.3478,7.54,2.25,3.52,5.74,3.7,20.25,61308,92.051,3.622,119.7,125194,7.36,526416,5.02,,,,,,,,,,,,,,,,,,,73.463,92.051,165.514,2.125559541,9.428197813,6.062004178,161219.4514,8.78139696,,,2890794.747,6.165406249,54160.89954,5.732973467,14491763.13,5.745558167,,,442923.5903,4.747866327,,,
9/1/23,164.773,2184439,6.13,164.773,5.75,1.3531,7.89,2.25,3.52,5.75,3.7,20.34,61520,92.979,3.502,120,90149,7.86,233809,4.04,,,,,,,,,,,,,,,,,,,73.448,92.979,166.427,1.349523941,10.14120211,6.080133598,34504.50762,9.832860209,,,3339479.01,5.885302151,65285.41206,8.281176191,2180847.583,6.163956669,,,58770.75996,3.968436007,,,
10/1/23,165.179,1955859,6.4,165.179,5.75,1.3712,7.62,2.25,3.52,5.75,3.7,20.5,61670,93.195,3.224,119.5,0,0,235815,4.55,,,,,,,,,,,,,,,,,,,73.472,93.195,166.667,0.352391619,8.481067176,4.740986532,51224.3457,9.646760603,,,2385775.83,6.279629382,48836.74224,13.10492819,1955877.135,6.441520675,,,97527.97956,5.541691753,,,
11/1/23,164.259,1089692,6.67,164.259,5.63,1.3707,7.3,2.25,3.52,5.63,3.622,20.53,61890,94.271,2.98,119.6,0,0,188533,1.97,,,,,,,,,,,,,,,,,,,73.656,94.271,167.927,0.296849043,10.43284719,5.745483398,32006.67316,8.872899679,,,3609165.765,6.383272063,40979.47656,8.831860004,1089701.778,6.7002451,,,63045.51814,3.779872179,,,
12/1/23,164.179,1079542,6.57,164.179,5.32,1.3416,6.79,2.25,3.52,5.32,3.6,21.5,62072,94.711,2.974,119,0,0,160882,7.01,,,,,,,,,,,,,,,,,,,73.465,94.618,168.083,0.160879109,11.33494146,6.158578178,6327.2594,11.62572851,,,4014864.347,7.081781735,14894.41272,7.618897242,1079551.708,6.621501266,,,81802.4251,7.136451019,,,
1/1/24,165.262,1624049,6.98,165.262,5.4,1.3423,7.11,2.25,3.52,5.4,3.6,23.08,62860,93.71,2.958,117.2,6169,6.08,0,0,,,,,,,,,,,,,,,,,,,73.296,93.503,166.799,0.691000508,3.512675744,2.253514219,,,,,2579297.374,5.352841491,39039.41096,6.770670804,1624064.188,7.010348536,,,,,,,
2/1/24,165.476,1611183,6.5,165.476,5.45,1.35,7.27,2.25,3.52,5.45,3.628,25.17,63071,93.799,3.112,118.3,0,0,213044,4.61,,,,,,,,,,,,,,,,,,,73.341,93.799,167.14,-0.313978144,6.396324864,3.343803329,27127.8491,7.714950022,,,1789778.859,5.897021269,9715.76034,6.036069021,1611198.025,6.524261968,,,352454.804,5.011862457,,,
3/1/24,165.467,1825878,6.6,165.467,5.45,1.3536,7.13,2.25,3.52,5.45,3.669,26.31,63399,93.678,3.283,118.3,0,0,75151,1.64,,,,,,,,,,,,,,,,,,,73.617,93.678,167.295,0.627409169,5.897514159,3.511963321,344643.8354,8.790913079,,,1796159.03,5.391962984,77313.81878,5.662247796,1825894.944,6.62220137,,,1799684.217,5.619275818,,,
4/1/24,165.616,18020833,7.26,165.616,5.64,1.3674,7.1,3,4.69,5.64,3.883,26.5,63434,94.223,3.394,118.6,1445330,5.46,265390,5.61,,,,,,,,,,,,,,,,,,,74.099,94.223,168.322,1.62659608,6.183510638,4.128079976,859180.0972,8.866712608,,,1895944.54,5.739160493,276183.7705,4.810807665,18020995.99,7.280483282,,,1780036.643,6.274670267,,,
5/1/24,165.591,35151950,7.16,165.591,6.19,1.3667,,3,4.69,6.19,3.9,22.67,63547,94.299,3.389,118.1,1853320,6.02,1484028,6.54,,,,,,,,,,,,,,,,,,,74.024,94.299,168.323,1.671542571,4.795296942,3.39822226,111031.2771,9.815135238,,,1704669.504,5.303067825,639053.1994,4.483293414,35152269.07,7.172582245,,,2521829.544,6.234567692,,,
6/1/24,165.606,24068194,6.96,165.606,6.06,1.3705,,3,4.69,6.06,3.9,20.66,63586,94.364,3.265,117.5,511457,5.82,2390820,6.3,,,,,,,,,,,,,,,,,,,74.138,94.364,168.502,1.933124347,3.920532135,3.03664025,,,,,2923775.862,7.781750062,562535.2484,4.930094617,24068411.95,6.97827486,,,1057514.326,6.71403954,,,
7/1/24,166.093,17850560,7.09,166.093,6.05,1.3714,,3,4.69,6.05,3.9,20.5,63686,94.891,3.331,119.6,192845,5.46,886188,6.75,,,,,,,,,,,,,,,,,,,74.892,94.891,169.783,2.763522599,3.852425824,3.369274699,17850.80814,8.062324062,,,2811110.962,7.571024157,352759.0416,5.286466909,17850722.16,7.106046067,,,197928.579,7.776825398,,,
8/1/24,165.954,5248736,6.98,165.954,6.09,1.3655,,3,4.69,6.09,3.9,21.03,63756,95.503,3.214,119.2,131724,4.91,927862,6.03,,,,,,,,,,,,,,,,,,,74.559,95.503,170.062,1.491907491,3.750095056,2.747803811,,,,,2643698.733,7.387907614,172901.7327,6.400467956,5248783.547,6.998447864,,,64198.5344,4.378402134,,,
9/1/24,166.697,2406014,7.03,166.697,6.67,1.3546,,3,4.69,6.67,3.919,22.78,63951,96.284,3.019,118,25426,6.57,197797,3.67,,,,,,,,,,,,,,,,,,,75.14,96.284,171.424,2.303670624,3.554566085,3.00251762,,,,,3517118.471,8.268575324,81141.0391,7.714530242,2406036.288,7.051009615,,,53475.26272,4.868718483,,,
10/1/24,166.931,1832792,8.24,166.931,7.46,1.3757,,3,4.69,7.46,4.04,23.5,64348,97.124,2.944,,0,0,103538,4.81,,,,,,,,,,,,,,,,,,,75.403,97.124,172.527,2.628212108,4.21589141,3.515992968,,,,,3831883.091,8.233381408,228458.1567,7.319086453,1832808.632,8.265230059,,,,,,,
11/1/24,166.779,1776956,8.03,166.779,8.21,1.3973,,3,4.69,8.21,4.231,23.5,64478,97.198,2.926,,0,0,0,0,,,,,,,,,,,,,,,,,,,75.235,97.636,172.871,2.143749321,3.569496452,2.94413644,7193.67506,8.974411474,,,2344562.664,7.72874928,419010.0772,7.252140617,1776972.222,8.060880652,,,25037.86934,3.520347471,,,
12/1/24,166.965,1500000,,166.965,8.38,1.4247,,3,4.69,8.38,4.25,23.5,64681,96.942,2.9,,0,0,0,0,,,,,,,,,,,,,,,,,,,76.036,97.709,173.745,3.499625672,3.266820267,3.368573859,38393.4573,8.933006406,,,1831790.098,8.589076345,213995.8495,7.04876755,1442970.087,7.443738506,,,93537.61736,6.794859843,,,
nan,,,,,,,,,,,,,,,,,,,,,,,,,,,,,,,,,,,,,,,76.176,98.573,174.749,3.929273084,5.422285916,4.766215625,,,,,,,,,,,,,,,,,